Render Path timing event: phase=Presentation render_path=Raster revision=1 elapsed_ms=50.212800
Render Path timing event: phase=Presentation render_path=Raster revision=1 elapsed_ms=2.324200
Compute timing event: phase=Preparation scene=VoxelSceneId("canonical-dense-scene") revision=1 generation=0 elapsed_ms=41.789000
Compute timing event: phase=Upload scene=VoxelSceneId("canonical-dense-scene") revision=1 generation=0 elapsed_ms=0.185800
Compute timing event: phase=Installation scene=VoxelSceneId("canonical-dense-scene") revision=1 generation=0 elapsed_ms=2.118600
Render Path timing event: phase=Presentation render_path=Raster revision=1 elapsed_ms=0.122100
Render Path timing event: phase=Presentation render_path=Raster revision=1 elapsed_ms=50.101000
Compute timing event: phase=Installation scene=VoxelSceneId("canonical-dense-scene") revision=1 generation=0 elapsed_ms=0.755500
Render Path timing event: phase=Presentation render_path=Raster revision=1 elapsed_ms=46.598500
Compute timing event: phase=Installation scene=VoxelSceneId("canonical-dense-scene") revision=1 generation=0 elapsed_ms=0.570600
Render Path timing event: phase=Presentation render_path=Raster revision=1 elapsed_ms=14.489400
Render Path timing event: phase=Presentation render_path=Raster revision=1 elapsed_ms=34.847400
Compute timing event: phase=Installation scene=VoxelSceneId("canonical-dense-scene") revision=1 generation=0 elapsed_ms=0.497500
Render Path timing event: phase=Presentation render_path=Raster revision=1 elapsed_ms=46.258700
Compute timing event: phase=Installation scene=VoxelSceneId("canonical-dense-scene") revision=1 generation=0 elapsed_ms=0.587200
Render Path timing event: phase=Presentation render_path=ComputeRay revision=1 elapsed_ms=0.193000
Compute timing event: phase=Dispatch scene=VoxelSceneId("canonical-dense-scene") revision=1 generation=0 elapsed_ms=0.053900
Compute timing event: phase=Composite scene=VoxelSceneId("canonical-dense-scene") revision=1 generation=0 elapsed_ms=0.007600
Render Path timing event: phase=Switching source=Raster replacement=ComputeRay revision=1 elapsed_ms=326.097400
Render Path timing event: phase=Presentation render_path=ComputeRay revision=1 elapsed_ms=1.495000
Compute timing event: phase=Dispatch scene=VoxelSceneId("canonical-dense-scene") revision=1 generation=0 elapsed_ms=0.009900
Compute timing event: phase=Composite scene=VoxelSceneId("canonical-dense-scene") revision=1 generation=0 elapsed_ms=0.008300
Render Path timing event: phase=Presentation render_path=ComputeRay revision=1 elapsed_ms=0.118100
Compute timing event: phase=Dispatch scene=VoxelSceneId("canonical-dense-scene") revision=1 generation=0 elapsed_ms=0.010600
Compute timing event: phase=Composite scene=VoxelSceneId("canonical-dense-scene") revision=1 generation=0 elapsed_ms=0.011600
Render Path timing event: phase=Presentation render_path=ComputeRay revision=1 elapsed_ms=0.084400
Compute timing event: phase=Dispatch scene=VoxelSceneId("canonical-dense-scene") revision=1 generation=0 elapsed_ms=0.006800
Compute timing event: phase=Composite scene=VoxelSceneId("canonical-dense-scene") revision=1 generation=0 elapsed_ms=0.006800
Render Path timing event: phase=Presentation render_path=ComputeRay revision=1 elapsed_ms=0.076800
Compute timing event: phase=Dispatch scene=VoxelSceneId("canonical-dense-scene") revision=1 generation=0 elapsed_ms=0.006000
Compute timing event: phase=Composite scene=VoxelSceneId("canonical-dense-scene") revision=1 generation=0 elapsed_ms=0.005900
Render Path timing event: phase=Presentation render_path=ComputeRay revision=1 elapsed_ms=0.074000
Compute timing event: phase=Dispatch scene=VoxelSceneId("canonical-dense-scene") revision=1 generation=0 elapsed_ms=0.005500
Compute timing event: phase=Composite scene=VoxelSceneId("canonical-dense-scene") revision=1 generation=0 elapsed_ms=0.005900
Render Path timing event: phase=Presentation render_path=ComputeRay revision=1 elapsed_ms=0.079700
Compute timing event: phase=Dispatch scene=VoxelSceneId("canonical-dense-scene") revision=1 generation=0 elapsed_ms=0.006700
Compute timing event: phase=Composite scene=VoxelSceneId("canonical-dense-scene") revision=1 generation=0 elapsed_ms=0.006400
Render Path timing event: phase=Presentation render_path=ComputeRay revision=1 elapsed_ms=0.074000
Compute timing event: phase=Dispatch scene=VoxelSceneId("canonical-dense-scene") revision=1 generation=0 elapsed_ms=0.006600
Compute timing event: phase=Composite scene=VoxelSceneId("canonical-dense-scene") revision=1 generation=0 elapsed_ms=0.006300
Render Path timing event: phase=Presentation render_path=ComputeRay revision=1 elapsed_ms=0.077600
Compute timing event: phase=Dispatch scene=VoxelSceneId("canonical-dense-scene") revision=1 generation=0 elapsed_ms=0.005700
Compute timing event: phase=Composite scene=VoxelSceneId("canonical-dense-scene") revision=1 generation=0 elapsed_ms=0.006400
Render Path timing event: phase=Presentation render_path=ComputeRay revision=1 elapsed_ms=0.072200
Compute timing event: phase=Dispatch scene=VoxelSceneId("canonical-dense-scene") revision=1 generation=0 elapsed_ms=0.005700
Compute timing event: phase=Composite scene=VoxelSceneId("canonical-dense-scene") revision=1 generation=0 elapsed_ms=0.006100
Render Path timing event: phase=Presentation render_path=ComputeRay revision=1 elapsed_ms=0.089400
Compute timing event: phase=Dispatch scene=VoxelSceneId("canonical-dense-scene") revision=1 generation=0 elapsed_ms=0.007000
Compute timing event: phase=Composite scene=VoxelSceneId("canonical-dense-scene") revision=1 generation=0 elapsed_ms=0.007300
Render Path timing event: phase=Presentation render_path=ComputeRay revision=1 elapsed_ms=0.087500
Compute timing event: phase=Dispatch scene=VoxelSceneId("canonical-dense-scene") revision=1 generation=0 elapsed_ms=0.005800
Compute timing event: phase=Composite scene=VoxelSceneId("canonical-dense-scene") revision=1 generation=0 elapsed_ms=0.006000
Render Path timing event: phase=Presentation render_path=ComputeRay revision=1 elapsed_ms=0.079200
Compute timing event: phase=Dispatch scene=VoxelSceneId("canonical-dense-scene") revision=1 generation=0 elapsed_ms=0.006600
Compute timing event: phase=Composite scene=VoxelSceneId("canonical-dense-scene") revision=1 generation=0 elapsed_ms=0.006300
Render Path timing event: phase=Presentation render_path=ComputeRay revision=1 elapsed_ms=0.081800
Compute timing event: phase=Dispatch scene=VoxelSceneId("canonical-dense-scene") revision=1 generation=0 elapsed_ms=0.006400
Compute timing event: phase=Composite scene=VoxelSceneId("canonical-dense-scene") revision=1 generation=0 elapsed_ms=0.006500
Render Path timing event: phase=Presentation render_path=ComputeRay revision=1 elapsed_ms=0.077500
Compute timing event: phase=Dispatch scene=VoxelSceneId("canonical-dense-scene") revision=1 generation=0 elapsed_ms=0.006000
Compute timing event: phase=Composite scene=VoxelSceneId("canonical-dense-scene") revision=1 generation=0 elapsed_ms=0.006200
Render Path timing event: phase=Presentation render_path=ComputeRay revision=1 elapsed_ms=0.076700
Compute timing event: phase=Dispatch scene=VoxelSceneId("canonical-dense-scene") revision=1 generation=0 elapsed_ms=0.006200
Compute timing event: phase=Composite scene=VoxelSceneId("canonical-dense-scene") revision=1 generation=0 elapsed_ms=0.006300
Render Path timing event: phase=Presentation render_path=ComputeRay revision=1 elapsed_ms=0.073100
Compute timing event: phase=Dispatch scene=VoxelSceneId("canonical-dense-scene") revision=1 generation=0 elapsed_ms=0.005600
Compute timing event: phase=Composite scene=VoxelSceneId("canonical-dense-scene") revision=1 generation=0 elapsed_ms=0.005900
Render Path timing event: phase=Presentation render_path=ComputeRay revision=1 elapsed_ms=0.072700
Compute timing event: phase=Dispatch scene=VoxelSceneId("canonical-dense-scene") revision=1 generation=0 elapsed_ms=0.005600
Compute timing event: phase=Composite scene=VoxelSceneId("canonical-dense-scene") revision=1 generation=0 elapsed_ms=0.005800
Render Path timing event: phase=Presentation render_path=ComputeRay revision=1 elapsed_ms=0.093200
Compute timing event: phase=Dispatch scene=VoxelSceneId("canonical-dense-scene") revision=1 generation=0 elapsed_ms=0.007900
Compute timing event: phase=Composite scene=VoxelSceneId("canonical-dense-scene") revision=1 generation=0 elapsed_ms=0.007800
Render Path timing event: phase=Presentation render_path=ComputeRay revision=1 elapsed_ms=0.170400
Compute timing event: phase=Dispatch scene=VoxelSceneId("canonical-dense-scene") revision=1 generation=0 elapsed_ms=0.011900
Compute timing event: phase=Composite scene=VoxelSceneId("canonical-dense-scene") revision=1 generation=0 elapsed_ms=0.013300
Render Path timing event: phase=Presentation render_path=ComputeRay revision=1 elapsed_ms=0.106000
Compute timing event: phase=Dispatch scene=VoxelSceneId("canonical-dense-scene") revision=1 generation=0 elapsed_ms=0.008400
Compute timing event: phase=Composite scene=VoxelSceneId("canonical-dense-scene") revision=1 generation=0 elapsed_ms=0.009500
Render Path timing event: phase=Presentation render_path=ComputeRay revision=1 elapsed_ms=0.106000
Compute timing event: phase=Dispatch scene=VoxelSceneId("canonical-dense-scene") revision=1 generation=0 elapsed_ms=0.008100
Compute timing event: phase=Composite scene=VoxelSceneId("canonical-dense-scene") revision=1 generation=0 elapsed_ms=0.008500
Render Path timing event: phase=Presentation render_path=ComputeRay revision=1 elapsed_ms=0.079000
Compute timing event: phase=Dispatch scene=VoxelSceneId("canonical-dense-scene") revision=1 generation=0 elapsed_ms=0.006200
Compute timing event: phase=Composite scene=VoxelSceneId("canonical-dense-scene") revision=1 generation=0 elapsed_ms=0.006200
Render Path timing event: phase=Presentation render_path=ComputeRay revision=1 elapsed_ms=0.077400
Compute timing event: phase=Dispatch scene=VoxelSceneId("canonical-dense-scene") revision=1 generation=0 elapsed_ms=0.005800
Compute timing event: phase=Composite scene=VoxelSceneId("canonical-dense-scene") revision=1 generation=0 elapsed_ms=0.006100
Render Path timing event: phase=Presentation render_path=ComputeRay revision=1 elapsed_ms=0.073900
Compute timing event: phase=Dispatch scene=VoxelSceneId("canonical-dense-scene") revision=1 generation=0 elapsed_ms=0.005600
Compute timing event: phase=Composite scene=VoxelSceneId("canonical-dense-scene") revision=1 generation=0 elapsed_ms=0.005800
Render Path timing event: phase=Presentation render_path=ComputeRay revision=1 elapsed_ms=0.091800
Compute timing event: phase=Dispatch scene=VoxelSceneId("canonical-dense-scene") revision=1 generation=0 elapsed_ms=0.007500
Compute timing event: phase=Composite scene=VoxelSceneId("canonical-dense-scene") revision=1 generation=0 elapsed_ms=0.007700
Render Path timing event: phase=Presentation render_path=ComputeRay revision=1 elapsed_ms=0.122900
Compute timing event: phase=Dispatch scene=VoxelSceneId("canonical-dense-scene") revision=1 generation=0 elapsed_ms=0.006300
Compute timing event: phase=Composite scene=VoxelSceneId("canonical-dense-scene") revision=1 generation=0 elapsed_ms=0.006300
Render Path timing event: phase=Presentation render_path=ComputeRay revision=1 elapsed_ms=0.074300
Compute timing event: phase=Dispatch scene=VoxelSceneId("canonical-dense-scene") revision=1 generation=0 elapsed_ms=0.005800
Compute timing event: phase=Composite scene=VoxelSceneId("canonical-dense-scene") revision=1 generation=0 elapsed_ms=0.006000
Render Path timing event: phase=Presentation render_path=ComputeRay revision=1 elapsed_ms=0.073100
Compute timing event: phase=Dispatch scene=VoxelSceneId("canonical-dense-scene") revision=1 generation=0 elapsed_ms=0.005500
Compute timing event: phase=Composite scene=VoxelSceneId("canonical-dense-scene") revision=1 generation=0 elapsed_ms=0.005800
Render Path timing event: phase=Presentation render_path=ComputeRay revision=1 elapsed_ms=0.071700
Compute timing event: phase=Dispatch scene=VoxelSceneId("canonical-dense-scene") revision=1 generation=0 elapsed_ms=0.005400
Compute timing event: phase=Composite scene=VoxelSceneId("canonical-dense-scene") revision=1 generation=0 elapsed_ms=0.005700
Render Path timing event: phase=Presentation render_path=ComputeRay revision=1 elapsed_ms=0.083300
Compute timing event: phase=Dispatch scene=VoxelSceneId("canonical-dense-scene") revision=1 generation=0 elapsed_ms=0.005400
Compute timing event: phase=Composite scene=VoxelSceneId("canonical-dense-scene") revision=1 generation=0 elapsed_ms=0.005700
Render Path timing event: phase=Presentation render_path=ComputeRay revision=1 elapsed_ms=0.121900
Compute timing event: phase=Dispatch scene=VoxelSceneId("canonical-dense-scene") revision=1 generation=0 elapsed_ms=0.010400
Compute timing event: phase=Composite scene=VoxelSceneId("canonical-dense-scene") revision=1 generation=0 elapsed_ms=0.012100
Render Path timing event: phase=Presentation render_path=ComputeRay revision=1 elapsed_ms=0.520200
Compute timing event: phase=Dispatch scene=VoxelSceneId("canonical-dense-scene") revision=1 generation=0 elapsed_ms=0.006200
Compute timing event: phase=Composite scene=VoxelSceneId("canonical-dense-scene") revision=1 generation=0 elapsed_ms=0.006400
Render Path timing event: phase=Presentation render_path=ComputeRay revision=1 elapsed_ms=0.104500
Compute timing event: phase=Dispatch scene=VoxelSceneId("canonical-dense-scene") revision=1 generation=0 elapsed_ms=0.008200
Compute timing event: phase=Composite scene=VoxelSceneId("canonical-dense-scene") revision=1 generation=0 elapsed_ms=0.008500
Render Path timing event: phase=Presentation render_path=ComputeRay revision=1 elapsed_ms=0.092900
Compute timing event: phase=Dispatch scene=VoxelSceneId("canonical-dense-scene") revision=1 generation=0 elapsed_ms=0.008100
Compute timing event: phase=Composite scene=VoxelSceneId("canonical-dense-scene") revision=1 generation=0 elapsed_ms=0.008200
Render Path timing event: phase=Presentation render_path=ComputeRay revision=1 elapsed_ms=0.076800
Compute timing event: phase=Dispatch scene=VoxelSceneId("canonical-dense-scene") revision=1 generation=0 elapsed_ms=0.005900
Compute timing event: phase=Composite scene=VoxelSceneId("canonical-dense-scene") revision=1 generation=0 elapsed_ms=0.006200
Render Path timing event: phase=Presentation render_path=ComputeRay revision=1 elapsed_ms=0.075400
Compute timing event: phase=Dispatch scene=VoxelSceneId("canonical-dense-scene") revision=1 generation=0 elapsed_ms=0.006200
Compute timing event: phase=Composite scene=VoxelSceneId("canonical-dense-scene") revision=1 generation=0 elapsed_ms=0.006100
Render Path timing event: phase=Presentation render_path=ComputeRay revision=1 elapsed_ms=0.089300
Compute timing event: phase=Dispatch scene=VoxelSceneId("canonical-dense-scene") revision=1 generation=0 elapsed_ms=0.006800
Compute timing event: phase=Composite scene=VoxelSceneId("canonical-dense-scene") revision=1 generation=0 elapsed_ms=0.007000
Render Path timing event: phase=Presentation render_path=ComputeRay revision=1 elapsed_ms=0.073300
Compute timing event: phase=Dispatch scene=VoxelSceneId("canonical-dense-scene") revision=1 generation=0 elapsed_ms=0.005500
Compute timing event: phase=Composite scene=VoxelSceneId("canonical-dense-scene") revision=1 generation=0 elapsed_ms=0.005800
Render Path timing event: phase=Presentation render_path=ComputeRay revision=1 elapsed_ms=0.087500
Compute timing event: phase=Dispatch scene=VoxelSceneId("canonical-dense-scene") revision=1 generation=0 elapsed_ms=0.007200
Compute timing event: phase=Composite scene=VoxelSceneId("canonical-dense-scene") revision=1 generation=0 elapsed_ms=0.007100
Render Path timing event: phase=Presentation render_path=ComputeRay revision=1 elapsed_ms=0.177300
Compute timing event: phase=Dispatch scene=VoxelSceneId("canonical-dense-scene") revision=1 generation=0 elapsed_ms=0.008300
Compute timing event: phase=Composite scene=VoxelSceneId("canonical-dense-scene") revision=1 generation=0 elapsed_ms=0.008500
Render Path timing event: phase=Presentation render_path=ComputeRay revision=1 elapsed_ms=0.074800
Compute timing event: phase=Dispatch scene=VoxelSceneId("canonical-dense-scene") revision=1 generation=0 elapsed_ms=0.006300
Compute timing event: phase=Composite scene=VoxelSceneId("canonical-dense-scene") revision=1 generation=0 elapsed_ms=0.006100
Render Path timing event: phase=Presentation render_path=ComputeRay revision=1 elapsed_ms=0.085300
Compute timing event: phase=Dispatch scene=VoxelSceneId("canonical-dense-scene") revision=1 generation=0 elapsed_ms=0.006400
Compute timing event: phase=Composite scene=VoxelSceneId("canonical-dense-scene") revision=1 generation=0 elapsed_ms=0.006800
Render Path timing event: phase=Presentation render_path=ComputeRay revision=1 elapsed_ms=0.082800
Compute timing event: phase=Dispatch scene=VoxelSceneId("canonical-dense-scene") revision=1 generation=0 elapsed_ms=0.006300
Compute timing event: phase=Composite scene=VoxelSceneId("canonical-dense-scene") revision=1 generation=0 elapsed_ms=0.006700
Render Path timing event: phase=Presentation render_path=ComputeRay revision=1 elapsed_ms=0.073800
Compute timing event: phase=Dispatch scene=VoxelSceneId("canonical-dense-scene") revision=1 generation=0 elapsed_ms=0.005600
Compute timing event: phase=Composite scene=VoxelSceneId("canonical-dense-scene") revision=1 generation=0 elapsed_ms=0.005800
Render Path timing event: phase=Presentation render_path=ComputeRay revision=1 elapsed_ms=0.096500
Compute timing event: phase=Dispatch scene=VoxelSceneId("canonical-dense-scene") revision=1 generation=0 elapsed_ms=0.008600
Compute timing event: phase=Composite scene=VoxelSceneId("canonical-dense-scene") revision=1 generation=0 elapsed_ms=0.008400
Render Path timing event: phase=Presentation render_path=ComputeRay revision=1 elapsed_ms=0.076000
Compute timing event: phase=Dispatch scene=VoxelSceneId("canonical-dense-scene") revision=1 generation=0 elapsed_ms=0.006100
Compute timing event: phase=Composite scene=VoxelSceneId("canonical-dense-scene") revision=1 generation=0 elapsed_ms=0.006100
Render Path timing event: phase=Presentation render_path=ComputeRay revision=1 elapsed_ms=0.074200
Compute timing event: phase=Dispatch scene=VoxelSceneId("canonical-dense-scene") revision=1 generation=0 elapsed_ms=0.005800
Compute timing event: phase=Composite scene=VoxelSceneId("canonical-dense-scene") revision=1 generation=0 elapsed_ms=0.006000
Render Path timing event: phase=Presentation render_path=ComputeRay revision=1 elapsed_ms=0.076200
Compute timing event: phase=Dispatch scene=VoxelSceneId("canonical-dense-scene") revision=1 generation=0 elapsed_ms=0.005800
Compute timing event: phase=Composite scene=VoxelSceneId("canonical-dense-scene") revision=1 generation=0 elapsed_ms=0.005800
Render Path timing event: phase=Presentation render_path=ComputeRay revision=1 elapsed_ms=0.084800
Compute timing event: phase=Dispatch scene=VoxelSceneId("canonical-dense-scene") revision=1 generation=0 elapsed_ms=0.006800
Compute timing event: phase=Composite scene=VoxelSceneId("canonical-dense-scene") revision=1 generation=0 elapsed_ms=0.007000
Render Path timing event: phase=Presentation render_path=ComputeRay revision=1 elapsed_ms=0.087000
Compute timing event: phase=Dispatch scene=VoxelSceneId("canonical-dense-scene") revision=1 generation=0 elapsed_ms=0.006600
Compute timing event: phase=Composite scene=VoxelSceneId("canonical-dense-scene") revision=1 generation=0 elapsed_ms=0.006500
Render Path timing event: phase=Presentation render_path=ComputeRay revision=1 elapsed_ms=0.083800
Compute timing event: phase=Dispatch scene=VoxelSceneId("canonical-dense-scene") revision=1 generation=0 elapsed_ms=0.006600
Compute timing event: phase=Composite scene=VoxelSceneId("canonical-dense-scene") revision=1 generation=0 elapsed_ms=0.006600
Render Path timing event: phase=Presentation render_path=ComputeRay revision=1 elapsed_ms=0.085800
Compute timing event: phase=Dispatch scene=VoxelSceneId("canonical-dense-scene") revision=1 generation=0 elapsed_ms=0.005800
Compute timing event: phase=Composite scene=VoxelSceneId("canonical-dense-scene") revision=1 generation=0 elapsed_ms=0.006100
Render Path timing event: phase=Presentation render_path=ComputeRay revision=1 elapsed_ms=0.074400
Compute timing event: phase=Dispatch scene=VoxelSceneId("canonical-dense-scene") revision=1 generation=0 elapsed_ms=0.005800
Compute timing event: phase=Composite scene=VoxelSceneId("canonical-dense-scene") revision=1 generation=0 elapsed_ms=0.005900
Render Path timing event: phase=Presentation render_path=ComputeRay revision=1 elapsed_ms=0.074100
Compute timing event: phase=Dispatch scene=VoxelSceneId("canonical-dense-scene") revision=1 generation=0 elapsed_ms=0.005500
Compute timing event: phase=Composite scene=VoxelSceneId("canonical-dense-scene") revision=1 generation=0 elapsed_ms=0.005800
Render Path timing event: phase=Presentation render_path=ComputeRay revision=1 elapsed_ms=0.070100
Compute timing event: phase=Dispatch scene=VoxelSceneId("canonical-dense-scene") revision=1 generation=0 elapsed_ms=0.005700
Compute timing event: phase=Composite scene=VoxelSceneId("canonical-dense-scene") revision=1 generation=0 elapsed_ms=0.005800
Render Path timing event: phase=Presentation render_path=ComputeRay revision=1 elapsed_ms=0.106200
Compute timing event: phase=Dispatch scene=VoxelSceneId("canonical-dense-scene") revision=1 generation=0 elapsed_ms=0.008700
Compute timing event: phase=Composite scene=VoxelSceneId("canonical-dense-scene") revision=1 generation=0 elapsed_ms=0.009300
Render Path timing event: phase=Presentation render_path=ComputeRay revision=1 elapsed_ms=0.175100
Compute timing event: phase=Dispatch scene=VoxelSceneId("canonical-dense-scene") revision=1 generation=0 elapsed_ms=0.008500
Compute timing event: phase=Composite scene=VoxelSceneId("canonical-dense-scene") revision=1 generation=0 elapsed_ms=0.010500
Render Path timing event: phase=Presentation render_path=ComputeRay revision=1 elapsed_ms=0.079800
Compute timing event: phase=Dispatch scene=VoxelSceneId("canonical-dense-scene") revision=1 generation=0 elapsed_ms=0.006700
Compute timing event: phase=Composite scene=VoxelSceneId("canonical-dense-scene") revision=1 generation=0 elapsed_ms=0.006900
Render Path timing event: phase=Presentation render_path=ComputeRay revision=1 elapsed_ms=0.081300
Compute timing event: phase=Dispatch scene=VoxelSceneId("canonical-dense-scene") revision=1 generation=0 elapsed_ms=0.006100
Compute timing event: phase=Composite scene=VoxelSceneId("canonical-dense-scene") revision=1 generation=0 elapsed_ms=0.005900
Render Path timing event: phase=Presentation render_path=ComputeRay revision=1 elapsed_ms=0.082300
Compute timing event: phase=Dispatch scene=VoxelSceneId("canonical-dense-scene") revision=1 generation=0 elapsed_ms=0.005800
Compute timing event: phase=Composite scene=VoxelSceneId("canonical-dense-scene") revision=1 generation=0 elapsed_ms=0.006100
Render Path timing event: phase=Presentation render_path=ComputeRay revision=1 elapsed_ms=0.084000
Compute timing event: phase=Dispatch scene=VoxelSceneId("canonical-dense-scene") revision=1 generation=0 elapsed_ms=0.005700
Compute timing event: phase=Composite scene=VoxelSceneId("canonical-dense-scene") revision=1 generation=0 elapsed_ms=0.006300
Render Path timing event: phase=Presentation render_path=ComputeRay revision=1 elapsed_ms=0.086000
Compute timing event: phase=Dispatch scene=VoxelSceneId("canonical-dense-scene") revision=1 generation=0 elapsed_ms=0.007300
Compute timing event: phase=Composite scene=VoxelSceneId("canonical-dense-scene") revision=1 generation=0 elapsed_ms=0.007100
Render Path timing event: phase=Presentation render_path=ComputeRay revision=1 elapsed_ms=0.076200
Compute timing event: phase=Dispatch scene=VoxelSceneId("canonical-dense-scene") revision=1 generation=0 elapsed_ms=0.006000
Compute timing event: phase=Composite scene=VoxelSceneId("canonical-dense-scene") revision=1 generation=0 elapsed_ms=0.006600
Render Path timing event: phase=Presentation render_path=ComputeRay revision=1 elapsed_ms=0.072600
Compute timing event: phase=Dispatch scene=VoxelSceneId("canonical-dense-scene") revision=1 generation=0 elapsed_ms=0.005600
Compute timing event: phase=Composite scene=VoxelSceneId("canonical-dense-scene") revision=1 generation=0 elapsed_ms=0.005800
Render Path timing event: phase=Presentation render_path=ComputeRay revision=1 elapsed_ms=0.073700
Compute timing event: phase=Dispatch scene=VoxelSceneId("canonical-dense-scene") revision=1 generation=0 elapsed_ms=0.005500
Compute timing event: phase=Composite scene=VoxelSceneId("canonical-dense-scene") revision=1 generation=0 elapsed_ms=0.005700
Render Path timing event: phase=Presentation render_path=ComputeRay revision=1 elapsed_ms=0.073300
Compute timing event: phase=Dispatch scene=VoxelSceneId("canonical-dense-scene") revision=1 generation=0 elapsed_ms=0.005400
Compute timing event: phase=Composite scene=VoxelSceneId("canonical-dense-scene") revision=1 generation=0 elapsed_ms=0.005800
Render Path timing event: phase=Presentation render_path=ComputeRay revision=1 elapsed_ms=0.092200
Compute timing event: phase=Dispatch scene=VoxelSceneId("canonical-dense-scene") revision=1 generation=0 elapsed_ms=0.007500
Compute timing event: phase=Composite scene=VoxelSceneId("canonical-dense-scene") revision=1 generation=0 elapsed_ms=0.007900
Render Path timing event: phase=Presentation render_path=ComputeRay revision=1 elapsed_ms=0.095700
Compute timing event: phase=Dispatch scene=VoxelSceneId("canonical-dense-scene") revision=1 generation=0 elapsed_ms=0.007800
Compute timing event: phase=Composite scene=VoxelSceneId("canonical-dense-scene") revision=1 generation=0 elapsed_ms=0.008100
Render Path timing event: phase=Presentation render_path=ComputeRay revision=1 elapsed_ms=0.087900
Compute timing event: phase=Dispatch scene=VoxelSceneId("canonical-dense-scene") revision=1 generation=0 elapsed_ms=0.008900
Compute timing event: phase=Composite scene=VoxelSceneId("canonical-dense-scene") revision=1 generation=0 elapsed_ms=0.006800
Render Path timing event: phase=Presentation render_path=ComputeRay revision=1 elapsed_ms=0.073800
Compute timing event: phase=Dispatch scene=VoxelSceneId("canonical-dense-scene") revision=1 generation=0 elapsed_ms=0.005600
Compute timing event: phase=Composite scene=VoxelSceneId("canonical-dense-scene") revision=1 generation=0 elapsed_ms=0.005900
Render Path timing event: phase=Presentation render_path=ComputeRay revision=1 elapsed_ms=0.073500
Compute timing event: phase=Dispatch scene=VoxelSceneId("canonical-dense-scene") revision=1 generation=0 elapsed_ms=0.005600
Compute timing event: phase=Composite scene=VoxelSceneId("canonical-dense-scene") revision=1 generation=0 elapsed_ms=0.005800
Render Path timing event: phase=Presentation render_path=ComputeRay revision=1 elapsed_ms=0.088300
Compute timing event: phase=Dispatch scene=VoxelSceneId("canonical-dense-scene") revision=1 generation=0 elapsed_ms=0.006000
Compute timing event: phase=Composite scene=VoxelSceneId("canonical-dense-scene") revision=1 generation=0 elapsed_ms=0.006600
Render Path timing event: phase=Presentation render_path=ComputeRay revision=1 elapsed_ms=0.096200
Compute timing event: phase=Dispatch scene=VoxelSceneId("canonical-dense-scene") revision=1 generation=0 elapsed_ms=0.008500
Compute timing event: phase=Composite scene=VoxelSceneId("canonical-dense-scene") revision=1 generation=0 elapsed_ms=0.008000
Render Path timing event: phase=Presentation render_path=ComputeRay revision=1 elapsed_ms=0.084300
Compute timing event: phase=Dispatch scene=VoxelSceneId("canonical-dense-scene") revision=1 generation=0 elapsed_ms=0.006000
Compute timing event: phase=Composite scene=VoxelSceneId("canonical-dense-scene") revision=1 generation=0 elapsed_ms=0.006400
Render Path timing event: phase=Presentation render_path=ComputeRay revision=1 elapsed_ms=0.080100
Compute timing event: phase=Dispatch scene=VoxelSceneId("canonical-dense-scene") revision=1 generation=0 elapsed_ms=0.005600
Compute timing event: phase=Composite scene=VoxelSceneId("canonical-dense-scene") revision=1 generation=0 elapsed_ms=0.005800
Render Path timing event: phase=Presentation render_path=ComputeRay revision=1 elapsed_ms=0.082800
Compute timing event: phase=Dispatch scene=VoxelSceneId("canonical-dense-scene") revision=1 generation=0 elapsed_ms=0.005600
Compute timing event: phase=Composite scene=VoxelSceneId("canonical-dense-scene") revision=1 generation=0 elapsed_ms=0.005700
Render Path timing event: phase=Presentation render_path=ComputeRay revision=1 elapsed_ms=0.244500
Compute timing event: phase=Upload scene=VoxelSceneId("canonical-dense-scene") revision=3 generation=2 elapsed_ms=0.162800
Compute timing event: phase=Dispatch scene=VoxelSceneId("canonical-dense-scene") revision=1 generation=0 elapsed_ms=0.005500
Compute timing event: phase=Composite scene=VoxelSceneId("canonical-dense-scene") revision=1 generation=0 elapsed_ms=0.005700
Render Path timing event: phase=Presentation render_path=ComputeRay revision=1 elapsed_ms=0.860900
Compute timing event: phase=Dispatch scene=VoxelSceneId("canonical-dense-scene") revision=1 generation=0 elapsed_ms=0.088800
Compute timing event: phase=Composite scene=VoxelSceneId("canonical-dense-scene") revision=1 generation=0 elapsed_ms=0.015900
Render Path timing event: phase=Presentation render_path=ComputeRay revision=1 elapsed_ms=0.099300
Compute timing event: phase=Dispatch scene=VoxelSceneId("canonical-dense-scene") revision=1 generation=0 elapsed_ms=0.007800
Compute timing event: phase=Composite scene=VoxelSceneId("canonical-dense-scene") revision=1 generation=0 elapsed_ms=0.008300
Render Path timing event: phase=Presentation render_path=ComputeRay revision=1 elapsed_ms=0.104700
Compute timing event: phase=Dispatch scene=VoxelSceneId("canonical-dense-scene") revision=1 generation=0 elapsed_ms=0.009600
Compute timing event: phase=Composite scene=VoxelSceneId("canonical-dense-scene") revision=1 generation=0 elapsed_ms=0.008400
Render Path timing event: phase=Presentation render_path=ComputeRay revision=1 elapsed_ms=0.085400
Compute timing event: phase=Dispatch scene=VoxelSceneId("canonical-dense-scene") revision=1 generation=0 elapsed_ms=0.007000
Compute timing event: phase=Composite scene=VoxelSceneId("canonical-dense-scene") revision=1 generation=0 elapsed_ms=0.006800
Render Path timing event: phase=Presentation render_path=ComputeRay revision=1 elapsed_ms=0.081900
Compute timing event: phase=Dispatch scene=VoxelSceneId("canonical-dense-scene") revision=1 generation=0 elapsed_ms=0.006000
Compute timing event: phase=Composite scene=VoxelSceneId("canonical-dense-scene") revision=1 generation=0 elapsed_ms=0.006300
Render Path timing event: phase=Presentation render_path=ComputeRay revision=1 elapsed_ms=0.077200
Compute timing event: phase=Dispatch scene=VoxelSceneId("canonical-dense-scene") revision=1 generation=0 elapsed_ms=0.006000
Compute timing event: phase=Composite scene=VoxelSceneId("canonical-dense-scene") revision=1 generation=0 elapsed_ms=0.005900
Render Path timing event: phase=Presentation render_path=ComputeRay revision=1 elapsed_ms=0.095300
Compute timing event: phase=Dispatch scene=VoxelSceneId("canonical-dense-scene") revision=1 generation=0 elapsed_ms=0.010500
Compute timing event: phase=Composite scene=VoxelSceneId("canonical-dense-scene") revision=1 generation=0 elapsed_ms=0.006000
Render Path timing event: phase=Presentation render_path=ComputeRay revision=1 elapsed_ms=0.083400
Compute timing event: phase=Dispatch scene=VoxelSceneId("canonical-dense-scene") revision=1 generation=0 elapsed_ms=0.006500
Compute timing event: phase=Composite scene=VoxelSceneId("canonical-dense-scene") revision=1 generation=0 elapsed_ms=0.006100
Render Path timing event: phase=Presentation render_path=ComputeRay revision=1 elapsed_ms=0.075800
Compute timing event: phase=Dispatch scene=VoxelSceneId("canonical-dense-scene") revision=1 generation=0 elapsed_ms=0.005700
Compute timing event: phase=Composite scene=VoxelSceneId("canonical-dense-scene") revision=1 generation=0 elapsed_ms=0.005900
Render Path timing event: phase=Presentation render_path=ComputeRay revision=1 elapsed_ms=0.081800
Compute timing event: phase=Dispatch scene=VoxelSceneId("canonical-dense-scene") revision=1 generation=0 elapsed_ms=0.006600
Compute timing event: phase=Composite scene=VoxelSceneId("canonical-dense-scene") revision=1 generation=0 elapsed_ms=0.005900
Render Path timing event: phase=Presentation render_path=ComputeRay revision=1 elapsed_ms=0.078100
Compute timing event: phase=Dispatch scene=VoxelSceneId("canonical-dense-scene") revision=1 generation=0 elapsed_ms=0.005500
Compute timing event: phase=Composite scene=VoxelSceneId("canonical-dense-scene") revision=1 generation=0 elapsed_ms=0.010100
Render Path timing event: phase=Presentation render_path=ComputeRay revision=1 elapsed_ms=0.079500
Compute timing event: phase=Dispatch scene=VoxelSceneId("canonical-dense-scene") revision=1 generation=0 elapsed_ms=0.009500
Compute timing event: phase=Composite scene=VoxelSceneId("canonical-dense-scene") revision=1 generation=0 elapsed_ms=0.005900
Render Path timing event: phase=Presentation render_path=ComputeRay revision=1 elapsed_ms=0.085400
Compute timing event: phase=Dispatch scene=VoxelSceneId("canonical-dense-scene") revision=1 generation=0 elapsed_ms=0.005600
Compute timing event: phase=Composite scene=VoxelSceneId("canonical-dense-scene") revision=1 generation=0 elapsed_ms=0.006000
Render Path timing event: phase=Presentation render_path=ComputeRay revision=1 elapsed_ms=0.083900
Compute timing event: phase=Dispatch scene=VoxelSceneId("canonical-dense-scene") revision=1 generation=0 elapsed_ms=0.006100
Compute timing event: phase=Composite scene=VoxelSceneId("canonical-dense-scene") revision=1 generation=0 elapsed_ms=0.006600
Render Path timing event: phase=Presentation render_path=ComputeRay revision=1 elapsed_ms=0.128200
Compute timing event: phase=Dispatch scene=VoxelSceneId("canonical-dense-scene") revision=1 generation=0 elapsed_ms=0.006000
Compute timing event: phase=Composite scene=VoxelSceneId("canonical-dense-scene") revision=1 generation=0 elapsed_ms=0.006200
Render Path timing event: phase=Presentation render_path=ComputeRay revision=1 elapsed_ms=0.078100
Compute timing event: phase=Dispatch scene=VoxelSceneId("canonical-dense-scene") revision=1 generation=0 elapsed_ms=0.005800
Compute timing event: phase=Composite scene=VoxelSceneId("canonical-dense-scene") revision=1 generation=0 elapsed_ms=0.005900
Render Path timing event: phase=Presentation render_path=ComputeRay revision=1 elapsed_ms=0.079000
Compute timing event: phase=Dispatch scene=VoxelSceneId("canonical-dense-scene") revision=1 generation=0 elapsed_ms=0.005900
Compute timing event: phase=Composite scene=VoxelSceneId("canonical-dense-scene") revision=1 generation=0 elapsed_ms=0.006200
Render Path timing event: phase=Presentation render_path=ComputeRay revision=1 elapsed_ms=0.073900
Compute timing event: phase=Dispatch scene=VoxelSceneId("canonical-dense-scene") revision=1 generation=0 elapsed_ms=0.005500
Compute timing event: phase=Composite scene=VoxelSceneId("canonical-dense-scene") revision=1 generation=0 elapsed_ms=0.005900
Render Path timing event: phase=Presentation render_path=ComputeRay revision=1 elapsed_ms=0.078800
Compute timing event: phase=Dispatch scene=VoxelSceneId("canonical-dense-scene") revision=1 generation=0 elapsed_ms=0.006600
Compute timing event: phase=Composite scene=VoxelSceneId("canonical-dense-scene") revision=1 generation=0 elapsed_ms=0.006900
Render Path timing event: phase=Presentation render_path=ComputeRay revision=1 elapsed_ms=0.196000
Compute timing event: phase=Dispatch scene=VoxelSceneId("canonical-dense-scene") revision=1 generation=0 elapsed_ms=0.007500
Compute timing event: phase=Composite scene=VoxelSceneId("canonical-dense-scene") revision=1 generation=0 elapsed_ms=0.111700
Render Path timing event: phase=Presentation render_path=ComputeRay revision=1 elapsed_ms=0.079500
Compute timing event: phase=Dispatch scene=VoxelSceneId("canonical-dense-scene") revision=1 generation=0 elapsed_ms=0.006800
Compute timing event: phase=Composite scene=VoxelSceneId("canonical-dense-scene") revision=1 generation=0 elapsed_ms=0.006300
Render Path timing event: phase=Presentation render_path=ComputeRay revision=1 elapsed_ms=0.071300
Compute timing event: phase=Dispatch scene=VoxelSceneId("canonical-dense-scene") revision=1 generation=0 elapsed_ms=0.005400
Compute timing event: phase=Composite scene=VoxelSceneId("canonical-dense-scene") revision=1 generation=0 elapsed_ms=0.005700
Render Path timing event: phase=Presentation render_path=ComputeRay revision=1 elapsed_ms=0.074700
Compute timing event: phase=Dispatch scene=VoxelSceneId("canonical-dense-scene") revision=1 generation=0 elapsed_ms=0.006200
Compute timing event: phase=Composite scene=VoxelSceneId("canonical-dense-scene") revision=1 generation=0 elapsed_ms=0.005800
Render Path timing event: phase=Presentation render_path=ComputeRay revision=1 elapsed_ms=0.079700
Compute timing event: phase=Dispatch scene=VoxelSceneId("canonical-dense-scene") revision=1 generation=0 elapsed_ms=0.006400
Compute timing event: phase=Composite scene=VoxelSceneId("canonical-dense-scene") revision=1 generation=0 elapsed_ms=0.006700
Render Path timing event: phase=Presentation render_path=ComputeRay revision=1 elapsed_ms=0.087800
Compute timing event: phase=Dispatch scene=VoxelSceneId("canonical-dense-scene") revision=1 generation=0 elapsed_ms=0.008000
Compute timing event: phase=Composite scene=VoxelSceneId("canonical-dense-scene") revision=1 generation=0 elapsed_ms=0.007300
Render Path timing event: phase=Presentation render_path=ComputeRay revision=1 elapsed_ms=0.074700
Compute timing event: phase=Dispatch scene=VoxelSceneId("canonical-dense-scene") revision=1 generation=0 elapsed_ms=0.006000
Compute timing event: phase=Composite scene=VoxelSceneId("canonical-dense-scene") revision=1 generation=0 elapsed_ms=0.006000
Render Path timing event: phase=Presentation render_path=ComputeRay revision=1 elapsed_ms=0.082900
Compute timing event: phase=Dispatch scene=VoxelSceneId("canonical-dense-scene") revision=1 generation=0 elapsed_ms=0.005500
Compute timing event: phase=Composite scene=VoxelSceneId("canonical-dense-scene") revision=1 generation=0 elapsed_ms=0.005800
Render Path timing event: phase=Presentation render_path=ComputeRay revision=1 elapsed_ms=0.073000
Compute timing event: phase=Dispatch scene=VoxelSceneId("canonical-dense-scene") revision=1 generation=0 elapsed_ms=0.005500
Compute timing event: phase=Composite scene=VoxelSceneId("canonical-dense-scene") revision=1 generation=0 elapsed_ms=0.005700
Render Path timing event: phase=Presentation render_path=ComputeRay revision=1 elapsed_ms=0.075400
Compute timing event: phase=Dispatch scene=VoxelSceneId("canonical-dense-scene") revision=1 generation=0 elapsed_ms=0.005500
Compute timing event: phase=Composite scene=VoxelSceneId("canonical-dense-scene") revision=1 generation=0 elapsed_ms=0.005800
Render Path timing event: phase=Presentation render_path=ComputeRay revision=1 elapsed_ms=0.083200
Compute timing event: phase=Dispatch scene=VoxelSceneId("canonical-dense-scene") revision=1 generation=0 elapsed_ms=0.006400
Compute timing event: phase=Composite scene=VoxelSceneId("canonical-dense-scene") revision=1 generation=0 elapsed_ms=0.006800
Render Path timing event: phase=Presentation render_path=ComputeRay revision=1 elapsed_ms=0.076900
Compute timing event: phase=Dispatch scene=VoxelSceneId("canonical-dense-scene") revision=1 generation=0 elapsed_ms=0.006200
Compute timing event: phase=Composite scene=VoxelSceneId("canonical-dense-scene") revision=1 generation=0 elapsed_ms=0.006000
Render Path timing event: phase=Presentation render_path=ComputeRay revision=1 elapsed_ms=0.086700
Compute timing event: phase=Dispatch scene=VoxelSceneId("canonical-dense-scene") revision=1 generation=0 elapsed_ms=0.007300
Compute timing event: phase=Composite scene=VoxelSceneId("canonical-dense-scene") revision=1 generation=0 elapsed_ms=0.007900
Render Path timing event: phase=Presentation render_path=ComputeRay revision=1 elapsed_ms=0.080400
Compute timing event: phase=Dispatch scene=VoxelSceneId("canonical-dense-scene") revision=1 generation=0 elapsed_ms=0.006400
Compute timing event: phase=Composite scene=VoxelSceneId("canonical-dense-scene") revision=1 generation=0 elapsed_ms=0.006900
Render Path timing event: phase=Presentation render_path=ComputeRay revision=1 elapsed_ms=0.073200
Compute timing event: phase=Dispatch scene=VoxelSceneId("canonical-dense-scene") revision=1 generation=0 elapsed_ms=0.005600
Compute timing event: phase=Composite scene=VoxelSceneId("canonical-dense-scene") revision=1 generation=0 elapsed_ms=0.005800
Render Path timing event: phase=Presentation render_path=ComputeRay revision=1 elapsed_ms=0.073900
Compute timing event: phase=Dispatch scene=VoxelSceneId("canonical-dense-scene") revision=1 generation=0 elapsed_ms=0.005500
Compute timing event: phase=Composite scene=VoxelSceneId("canonical-dense-scene") revision=1 generation=0 elapsed_ms=0.005800
Render Path timing event: phase=Presentation render_path=ComputeRay revision=1 elapsed_ms=0.077400
Compute timing event: phase=Dispatch scene=VoxelSceneId("canonical-dense-scene") revision=1 generation=0 elapsed_ms=0.005700
Compute timing event: phase=Composite scene=VoxelSceneId("canonical-dense-scene") revision=1 generation=0 elapsed_ms=0.006000
Render Path timing event: phase=Presentation render_path=ComputeRay revision=1 elapsed_ms=0.113200
Compute timing event: phase=Dispatch scene=VoxelSceneId("canonical-dense-scene") revision=1 generation=0 elapsed_ms=0.037000
Compute timing event: phase=Composite scene=VoxelSceneId("canonical-dense-scene") revision=1 generation=0 elapsed_ms=0.007100
Render Path timing event: phase=Presentation render_path=ComputeRay revision=1 elapsed_ms=0.076900
Compute timing event: phase=Dispatch scene=VoxelSceneId("canonical-dense-scene") revision=1 generation=0 elapsed_ms=0.005900
Compute timing event: phase=Composite scene=VoxelSceneId("canonical-dense-scene") revision=1 generation=0 elapsed_ms=0.005900
Render Path timing event: phase=Presentation render_path=ComputeRay revision=1 elapsed_ms=0.080600
Compute timing event: phase=Dispatch scene=VoxelSceneId("canonical-dense-scene") revision=1 generation=0 elapsed_ms=0.006200
Compute timing event: phase=Composite scene=VoxelSceneId("canonical-dense-scene") revision=1 generation=0 elapsed_ms=0.006800
Render Path timing event: phase=Presentation render_path=ComputeRay revision=1 elapsed_ms=0.073700
Compute timing event: phase=Dispatch scene=VoxelSceneId("canonical-dense-scene") revision=1 generation=0 elapsed_ms=0.005800
Compute timing event: phase=Composite scene=VoxelSceneId("canonical-dense-scene") revision=1 generation=0 elapsed_ms=0.005700
Render Path timing event: phase=Presentation render_path=ComputeRay revision=1 elapsed_ms=0.091600
Compute timing event: phase=Dispatch scene=VoxelSceneId("canonical-dense-scene") revision=1 generation=0 elapsed_ms=0.008400
Compute timing event: phase=Composite scene=VoxelSceneId("canonical-dense-scene") revision=1 generation=0 elapsed_ms=0.007300
Render Path timing event: phase=Presentation render_path=ComputeRay revision=1 elapsed_ms=0.088800
Compute timing event: phase=Dispatch scene=VoxelSceneId("canonical-dense-scene") revision=1 generation=0 elapsed_ms=0.007500
Compute timing event: phase=Composite scene=VoxelSceneId("canonical-dense-scene") revision=1 generation=0 elapsed_ms=0.006900
Render Path timing event: phase=Presentation render_path=ComputeRay revision=1 elapsed_ms=0.076500
Compute timing event: phase=Dispatch scene=VoxelSceneId("canonical-dense-scene") revision=1 generation=0 elapsed_ms=0.005700
Compute timing event: phase=Composite scene=VoxelSceneId("canonical-dense-scene") revision=1 generation=0 elapsed_ms=0.005900
Render Path timing event: phase=Presentation render_path=ComputeRay revision=1 elapsed_ms=0.072400
Compute timing event: phase=Dispatch scene=VoxelSceneId("canonical-dense-scene") revision=1 generation=0 elapsed_ms=0.005800
Compute timing event: phase=Composite scene=VoxelSceneId("canonical-dense-scene") revision=1 generation=0 elapsed_ms=0.006400
Render Path timing event: phase=Presentation render_path=ComputeRay revision=4 elapsed_ms=0.395200
Compute timing event: phase=Upload scene=VoxelSceneId("canonical-dense-scene") revision=4 generation=3 elapsed_ms=0.139700
Compute timing event: phase=Installation scene=VoxelSceneId("canonical-dense-scene") revision=4 generation=3 elapsed_ms=0.142900
Compute timing event: phase=Dispatch scene=VoxelSceneId("canonical-dense-scene") revision=4 generation=3 elapsed_ms=0.006400
Compute timing event: phase=Composite scene=VoxelSceneId("canonical-dense-scene") revision=4 generation=3 elapsed_ms=0.006000
Render Path timing event: phase=Presentation render_path=ComputeRay revision=4 elapsed_ms=0.179600
Compute timing event: phase=Dispatch scene=VoxelSceneId("canonical-dense-scene") revision=4 generation=3 elapsed_ms=0.016600
Compute timing event: phase=Composite scene=VoxelSceneId("canonical-dense-scene") revision=4 generation=3 elapsed_ms=0.017100
Render Path timing event: phase=Presentation render_path=ComputeRay revision=4 elapsed_ms=0.123700
Compute timing event: phase=Dispatch scene=VoxelSceneId("canonical-dense-scene") revision=4 generation=3 elapsed_ms=0.008200
Compute timing event: phase=Composite scene=VoxelSceneId("canonical-dense-scene") revision=4 generation=3 elapsed_ms=0.008900
Render Path timing event: phase=Presentation render_path=ComputeRay revision=4 elapsed_ms=0.121900
Compute timing event: phase=Dispatch scene=VoxelSceneId("canonical-dense-scene") revision=4 generation=3 elapsed_ms=0.007700
Compute timing event: phase=Composite scene=VoxelSceneId("canonical-dense-scene") revision=4 generation=3 elapsed_ms=0.007900
Render Path timing event: phase=Presentation render_path=ComputeRay revision=4 elapsed_ms=0.100100
Compute timing event: phase=Dispatch scene=VoxelSceneId("canonical-dense-scene") revision=4 generation=3 elapsed_ms=0.008500
Compute timing event: phase=Composite scene=VoxelSceneId("canonical-dense-scene") revision=4 generation=3 elapsed_ms=0.008400
Render Path timing event: phase=Presentation render_path=ComputeRay revision=4 elapsed_ms=0.075900
Compute timing event: phase=Dispatch scene=VoxelSceneId("canonical-dense-scene") revision=4 generation=3 elapsed_ms=0.005900
Compute timing event: phase=Composite scene=VoxelSceneId("canonical-dense-scene") revision=4 generation=3 elapsed_ms=0.006500
Render Path timing event: phase=Presentation render_path=ComputeRay revision=4 elapsed_ms=0.072400
Compute timing event: phase=Dispatch scene=VoxelSceneId("canonical-dense-scene") revision=4 generation=3 elapsed_ms=0.005600
Compute timing event: phase=Composite scene=VoxelSceneId("canonical-dense-scene") revision=4 generation=3 elapsed_ms=0.005900
Render Path timing event: phase=Presentation render_path=ComputeRay revision=4 elapsed_ms=0.071800
Compute timing event: phase=Dispatch scene=VoxelSceneId("canonical-dense-scene") revision=4 generation=3 elapsed_ms=0.005500
Compute timing event: phase=Composite scene=VoxelSceneId("canonical-dense-scene") revision=4 generation=3 elapsed_ms=0.005800
Render Path timing event: phase=Presentation render_path=ComputeRay revision=4 elapsed_ms=0.070400
Compute timing event: phase=Dispatch scene=VoxelSceneId("canonical-dense-scene") revision=4 generation=3 elapsed_ms=0.005300
Compute timing event: phase=Composite scene=VoxelSceneId("canonical-dense-scene") revision=4 generation=3 elapsed_ms=0.005600
Render Path timing event: phase=Presentation render_path=ComputeRay revision=4 elapsed_ms=0.138300
Compute timing event: phase=Dispatch scene=VoxelSceneId("canonical-dense-scene") revision=4 generation=3 elapsed_ms=0.009500
Compute timing event: phase=Composite scene=VoxelSceneId("canonical-dense-scene") revision=4 generation=3 elapsed_ms=0.010600
Render Path timing event: phase=Presentation render_path=ComputeRay revision=4 elapsed_ms=1.077900
Compute timing event: phase=Dispatch scene=VoxelSceneId("canonical-dense-scene") revision=4 generation=3 elapsed_ms=0.019000
Compute timing event: phase=Composite scene=VoxelSceneId("canonical-dense-scene") revision=4 generation=3 elapsed_ms=0.015400
Render Path timing event: phase=Presentation render_path=ComputeRay revision=4 elapsed_ms=0.100400
Compute timing event: phase=Dispatch scene=VoxelSceneId("canonical-dense-scene") revision=4 generation=3 elapsed_ms=0.006900
Compute timing event: phase=Composite scene=VoxelSceneId("canonical-dense-scene") revision=4 generation=3 elapsed_ms=0.007600
Render Path timing event: phase=Presentation render_path=ComputeRay revision=4 elapsed_ms=0.106500
Compute timing event: phase=Dispatch scene=VoxelSceneId("canonical-dense-scene") revision=4 generation=3 elapsed_ms=0.007600
Compute timing event: phase=Composite scene=VoxelSceneId("canonical-dense-scene") revision=4 generation=3 elapsed_ms=0.007900
Render Path timing event: phase=Presentation render_path=ComputeRay revision=4 elapsed_ms=0.091900
Compute timing event: phase=Dispatch scene=VoxelSceneId("canonical-dense-scene") revision=4 generation=3 elapsed_ms=0.007100
Compute timing event: phase=Composite scene=VoxelSceneId("canonical-dense-scene") revision=4 generation=3 elapsed_ms=0.007600
Render Path timing event: phase=Presentation render_path=ComputeRay revision=4 elapsed_ms=0.083700
Compute timing event: phase=Dispatch scene=VoxelSceneId("canonical-dense-scene") revision=4 generation=3 elapsed_ms=0.006200
Compute timing event: phase=Composite scene=VoxelSceneId("canonical-dense-scene") revision=4 generation=3 elapsed_ms=0.006400
Render Path timing event: phase=Presentation render_path=ComputeRay revision=4 elapsed_ms=0.079600
Compute timing event: phase=Dispatch scene=VoxelSceneId("canonical-dense-scene") revision=4 generation=3 elapsed_ms=0.005600
Compute timing event: phase=Composite scene=VoxelSceneId("canonical-dense-scene") revision=4 generation=3 elapsed_ms=0.006000
Render Path timing event: phase=Presentation render_path=ComputeRay revision=4 elapsed_ms=0.098900
Compute timing event: phase=Dispatch scene=VoxelSceneId("canonical-dense-scene") revision=4 generation=3 elapsed_ms=0.006900
Compute timing event: phase=Composite scene=VoxelSceneId("canonical-dense-scene") revision=4 generation=3 elapsed_ms=0.007300
Render Path timing event: phase=Presentation render_path=ComputeRay revision=4 elapsed_ms=0.095000
Compute timing event: phase=Dispatch scene=VoxelSceneId("canonical-dense-scene") revision=4 generation=3 elapsed_ms=0.006400
Compute timing event: phase=Composite scene=VoxelSceneId("canonical-dense-scene") revision=4 generation=3 elapsed_ms=0.006800
Render Path timing event: phase=Presentation render_path=ComputeRay revision=4 elapsed_ms=0.092900
Compute timing event: phase=Dispatch scene=VoxelSceneId("canonical-dense-scene") revision=4 generation=3 elapsed_ms=0.006100
Compute timing event: phase=Composite scene=VoxelSceneId("canonical-dense-scene") revision=4 generation=3 elapsed_ms=0.006900
Render Path timing event: phase=Presentation render_path=ComputeRay revision=4 elapsed_ms=0.095700
Compute timing event: phase=Dispatch scene=VoxelSceneId("canonical-dense-scene") revision=4 generation=3 elapsed_ms=0.005900
Compute timing event: phase=Composite scene=VoxelSceneId("canonical-dense-scene") revision=4 generation=3 elapsed_ms=0.006200
Render Path timing event: phase=Presentation render_path=ComputeRay revision=4 elapsed_ms=0.081800
Compute timing event: phase=Dispatch scene=VoxelSceneId("canonical-dense-scene") revision=4 generation=3 elapsed_ms=0.005600
Compute timing event: phase=Composite scene=VoxelSceneId("canonical-dense-scene") revision=4 generation=3 elapsed_ms=0.006000
Render Path timing event: phase=Presentation render_path=ComputeRay revision=4 elapsed_ms=0.079300
Compute timing event: phase=Dispatch scene=VoxelSceneId("canonical-dense-scene") revision=4 generation=3 elapsed_ms=0.005800
Compute timing event: phase=Composite scene=VoxelSceneId("canonical-dense-scene") revision=4 generation=3 elapsed_ms=0.005900
Render Path timing event: phase=Presentation render_path=ComputeRay revision=4 elapsed_ms=0.079300
Compute timing event: phase=Dispatch scene=VoxelSceneId("canonical-dense-scene") revision=4 generation=3 elapsed_ms=0.005500
Compute timing event: phase=Composite scene=VoxelSceneId("canonical-dense-scene") revision=4 generation=3 elapsed_ms=0.005900
Render Path timing event: phase=Presentation render_path=ComputeRay revision=4 elapsed_ms=0.092400
Compute timing event: phase=Dispatch scene=VoxelSceneId("canonical-dense-scene") revision=4 generation=3 elapsed_ms=0.006300
Compute timing event: phase=Composite scene=VoxelSceneId("canonical-dense-scene") revision=4 generation=3 elapsed_ms=0.006800
Render Path timing event: phase=Presentation render_path=ComputeRay revision=4 elapsed_ms=0.170500
Compute timing event: phase=Dispatch scene=VoxelSceneId("canonical-dense-scene") revision=4 generation=3 elapsed_ms=0.009000
Compute timing event: phase=Composite scene=VoxelSceneId("canonical-dense-scene") revision=4 generation=3 elapsed_ms=0.009700
Render Path timing event: phase=Presentation render_path=ComputeRay revision=4 elapsed_ms=0.104200
Compute timing event: phase=Dispatch scene=VoxelSceneId("canonical-dense-scene") revision=4 generation=3 elapsed_ms=0.008200
Compute timing event: phase=Composite scene=VoxelSceneId("canonical-dense-scene") revision=4 generation=3 elapsed_ms=0.010800
Render Path timing event: phase=Presentation render_path=ComputeRay revision=4 elapsed_ms=0.095400
Compute timing event: phase=Dispatch scene=VoxelSceneId("canonical-dense-scene") revision=4 generation=3 elapsed_ms=0.006200
Compute timing event: phase=Composite scene=VoxelSceneId("canonical-dense-scene") revision=4 generation=3 elapsed_ms=0.006200
Render Path timing event: phase=Presentation render_path=ComputeRay revision=4 elapsed_ms=0.078800
Compute timing event: phase=Dispatch scene=VoxelSceneId("canonical-dense-scene") revision=4 generation=3 elapsed_ms=0.005600
Compute timing event: phase=Composite scene=VoxelSceneId("canonical-dense-scene") revision=4 generation=3 elapsed_ms=0.005900
Render Path timing event: phase=Presentation render_path=ComputeRay revision=4 elapsed_ms=0.107000
Compute timing event: phase=Dispatch scene=VoxelSceneId("canonical-dense-scene") revision=4 generation=3 elapsed_ms=0.007600
Compute timing event: phase=Composite scene=VoxelSceneId("canonical-dense-scene") revision=4 generation=3 elapsed_ms=0.008400
Render Path timing event: phase=Presentation render_path=ComputeRay revision=4 elapsed_ms=0.085300
Compute timing event: phase=Dispatch scene=VoxelSceneId("canonical-dense-scene") revision=4 generation=3 elapsed_ms=0.006300
Compute timing event: phase=Composite scene=VoxelSceneId("canonical-dense-scene") revision=4 generation=3 elapsed_ms=0.006200
Render Path timing event: phase=Presentation render_path=ComputeRay revision=4 elapsed_ms=0.080600
Compute timing event: phase=Dispatch scene=VoxelSceneId("canonical-dense-scene") revision=4 generation=3 elapsed_ms=0.006000
Compute timing event: phase=Composite scene=VoxelSceneId("canonical-dense-scene") revision=4 generation=3 elapsed_ms=0.006100
Render Path timing event: phase=Presentation render_path=ComputeRay revision=4 elapsed_ms=0.094100
Compute timing event: phase=Dispatch scene=VoxelSceneId("canonical-dense-scene") revision=4 generation=3 elapsed_ms=0.006600
Compute timing event: phase=Composite scene=VoxelSceneId("canonical-dense-scene") revision=4 generation=3 elapsed_ms=0.006800
Render Path timing event: phase=Presentation render_path=ComputeRay revision=4 elapsed_ms=0.078400
Compute timing event: phase=Dispatch scene=VoxelSceneId("canonical-dense-scene") revision=4 generation=3 elapsed_ms=0.005500
Compute timing event: phase=Composite scene=VoxelSceneId("canonical-dense-scene") revision=4 generation=3 elapsed_ms=0.005800
Render Path timing event: phase=Presentation render_path=ComputeRay revision=4 elapsed_ms=0.114100
Compute timing event: phase=Dispatch scene=VoxelSceneId("canonical-dense-scene") revision=4 generation=3 elapsed_ms=0.005400
Compute timing event: phase=Composite scene=VoxelSceneId("canonical-dense-scene") revision=4 generation=3 elapsed_ms=0.006900
Render Path timing event: phase=Presentation render_path=ComputeRay revision=4 elapsed_ms=0.092900
Compute timing event: phase=Dispatch scene=VoxelSceneId("canonical-dense-scene") revision=4 generation=3 elapsed_ms=0.007800
Compute timing event: phase=Composite scene=VoxelSceneId("canonical-dense-scene") revision=4 generation=3 elapsed_ms=0.006900
Render Path timing event: phase=Presentation render_path=ComputeRay revision=4 elapsed_ms=0.092200
Compute timing event: phase=Dispatch scene=VoxelSceneId("canonical-dense-scene") revision=4 generation=3 elapsed_ms=0.006600
Compute timing event: phase=Composite scene=VoxelSceneId("canonical-dense-scene") revision=4 generation=3 elapsed_ms=0.007200
Render Path timing event: phase=Presentation render_path=ComputeRay revision=4 elapsed_ms=0.083000
Compute timing event: phase=Dispatch scene=VoxelSceneId("canonical-dense-scene") revision=4 generation=3 elapsed_ms=0.006000
Compute timing event: phase=Composite scene=VoxelSceneId("canonical-dense-scene") revision=4 generation=3 elapsed_ms=0.006000
Render Path timing event: phase=Presentation render_path=ComputeRay revision=4 elapsed_ms=0.078500
Compute timing event: phase=Dispatch scene=VoxelSceneId("canonical-dense-scene") revision=4 generation=3 elapsed_ms=0.005700
Compute timing event: phase=Composite scene=VoxelSceneId("canonical-dense-scene") revision=4 generation=3 elapsed_ms=0.005900
Render Path timing event: phase=Presentation render_path=ComputeRay revision=4 elapsed_ms=0.079400
Compute timing event: phase=Dispatch scene=VoxelSceneId("canonical-dense-scene") revision=4 generation=3 elapsed_ms=0.005600
Compute timing event: phase=Composite scene=VoxelSceneId("canonical-dense-scene") revision=4 generation=3 elapsed_ms=0.005800
Render Path timing event: phase=Presentation render_path=ComputeRay revision=4 elapsed_ms=0.088300
Compute timing event: phase=Dispatch scene=VoxelSceneId("canonical-dense-scene") revision=4 generation=3 elapsed_ms=0.006500
Compute timing event: phase=Composite scene=VoxelSceneId("canonical-dense-scene") revision=4 generation=3 elapsed_ms=0.006600
Render Path timing event: phase=Presentation render_path=ComputeRay revision=4 elapsed_ms=0.190300
Compute timing event: phase=Dispatch scene=VoxelSceneId("canonical-dense-scene") revision=4 generation=3 elapsed_ms=0.007100
Compute timing event: phase=Composite scene=VoxelSceneId("canonical-dense-scene") revision=4 generation=3 elapsed_ms=0.007000
Render Path timing event: phase=Presentation render_path=ComputeRay revision=4 elapsed_ms=0.120900
Compute timing event: phase=Dispatch scene=VoxelSceneId("canonical-dense-scene") revision=4 generation=3 elapsed_ms=0.010400
Compute timing event: phase=Composite scene=VoxelSceneId("canonical-dense-scene") revision=4 generation=3 elapsed_ms=0.010300
Render Path timing event: phase=Presentation render_path=ComputeRay revision=4 elapsed_ms=0.084200
Compute timing event: phase=Dispatch scene=VoxelSceneId("canonical-dense-scene") revision=4 generation=3 elapsed_ms=0.006100
Compute timing event: phase=Composite scene=VoxelSceneId("canonical-dense-scene") revision=4 generation=3 elapsed_ms=0.006400
Render Path timing event: phase=Presentation render_path=ComputeRay revision=4 elapsed_ms=0.080100
Compute timing event: phase=Dispatch scene=VoxelSceneId("canonical-dense-scene") revision=4 generation=3 elapsed_ms=0.005900
Compute timing event: phase=Composite scene=VoxelSceneId("canonical-dense-scene") revision=4 generation=3 elapsed_ms=0.005900
Render Path timing event: phase=Presentation render_path=ComputeRay revision=4 elapsed_ms=0.096800
Compute timing event: phase=Dispatch scene=VoxelSceneId("canonical-dense-scene") revision=4 generation=3 elapsed_ms=0.006900
Compute timing event: phase=Composite scene=VoxelSceneId("canonical-dense-scene") revision=4 generation=3 elapsed_ms=0.007000
Render Path timing event: phase=Presentation render_path=ComputeRay revision=4 elapsed_ms=0.087600
Compute timing event: phase=Dispatch scene=VoxelSceneId("canonical-dense-scene") revision=4 generation=3 elapsed_ms=0.007400
Compute timing event: phase=Composite scene=VoxelSceneId("canonical-dense-scene") revision=4 generation=3 elapsed_ms=0.006800
Render Path timing event: phase=Presentation render_path=ComputeRay revision=4 elapsed_ms=0.085300
Compute timing event: phase=Dispatch scene=VoxelSceneId("canonical-dense-scene") revision=4 generation=3 elapsed_ms=0.006100
Compute timing event: phase=Composite scene=VoxelSceneId("canonical-dense-scene") revision=4 generation=3 elapsed_ms=0.006300
Render Path timing event: phase=Presentation render_path=ComputeRay revision=4 elapsed_ms=0.080500
Compute timing event: phase=Dispatch scene=VoxelSceneId("canonical-dense-scene") revision=4 generation=3 elapsed_ms=0.005600
Compute timing event: phase=Composite scene=VoxelSceneId("canonical-dense-scene") revision=4 generation=3 elapsed_ms=0.005900
Render Path timing event: phase=Presentation render_path=ComputeRay revision=4 elapsed_ms=0.079700
Compute timing event: phase=Dispatch scene=VoxelSceneId("canonical-dense-scene") revision=4 generation=3 elapsed_ms=0.005600
Compute timing event: phase=Composite scene=VoxelSceneId("canonical-dense-scene") revision=4 generation=3 elapsed_ms=0.005800
Render Path timing event: phase=Presentation render_path=ComputeRay revision=4 elapsed_ms=0.114700
Compute timing event: phase=Dispatch scene=VoxelSceneId("canonical-dense-scene") revision=4 generation=3 elapsed_ms=0.006500
Compute timing event: phase=Composite scene=VoxelSceneId("canonical-dense-scene") revision=4 generation=3 elapsed_ms=0.006900
Render Path timing event: phase=Presentation render_path=ComputeRay revision=4 elapsed_ms=0.144900
Compute timing event: phase=Dispatch scene=VoxelSceneId("canonical-dense-scene") revision=4 generation=3 elapsed_ms=0.011100
Compute timing event: phase=Composite scene=VoxelSceneId("canonical-dense-scene") revision=4 generation=3 elapsed_ms=0.010000
Render Path timing event: phase=Presentation render_path=ComputeRay revision=4 elapsed_ms=0.092000
Compute timing event: phase=Dispatch scene=VoxelSceneId("canonical-dense-scene") revision=4 generation=3 elapsed_ms=0.006900
Compute timing event: phase=Composite scene=VoxelSceneId("canonical-dense-scene") revision=4 generation=3 elapsed_ms=0.007300
Render Path timing event: phase=Presentation render_path=ComputeRay revision=4 elapsed_ms=0.083800
Compute timing event: phase=Dispatch scene=VoxelSceneId("canonical-dense-scene") revision=4 generation=3 elapsed_ms=0.006200
Compute timing event: phase=Composite scene=VoxelSceneId("canonical-dense-scene") revision=4 generation=3 elapsed_ms=0.006600
Render Path timing event: phase=Presentation render_path=ComputeRay revision=4 elapsed_ms=0.080700
Compute timing event: phase=Dispatch scene=VoxelSceneId("canonical-dense-scene") revision=4 generation=3 elapsed_ms=0.006200
Compute timing event: phase=Composite scene=VoxelSceneId("canonical-dense-scene") revision=4 generation=3 elapsed_ms=0.005900
Render Path timing event: phase=Presentation render_path=ComputeRay revision=4 elapsed_ms=0.078500
Compute timing event: phase=Dispatch scene=VoxelSceneId("canonical-dense-scene") revision=4 generation=3 elapsed_ms=0.005600
Compute timing event: phase=Composite scene=VoxelSceneId("canonical-dense-scene") revision=4 generation=3 elapsed_ms=0.005800
Render Path timing event: phase=Presentation render_path=ComputeRay revision=4 elapsed_ms=0.096300
Compute timing event: phase=Dispatch scene=VoxelSceneId("canonical-dense-scene") revision=4 generation=3 elapsed_ms=0.007800
Compute timing event: phase=Composite scene=VoxelSceneId("canonical-dense-scene") revision=4 generation=3 elapsed_ms=0.007300
Render Path timing event: phase=Presentation render_path=ComputeRay revision=4 elapsed_ms=0.123800
Compute timing event: phase=Dispatch scene=VoxelSceneId("canonical-dense-scene") revision=4 generation=3 elapsed_ms=0.010400
Compute timing event: phase=Composite scene=VoxelSceneId("canonical-dense-scene") revision=4 generation=3 elapsed_ms=0.010800
Render Path timing event: phase=Presentation render_path=ComputeRay revision=4 elapsed_ms=0.099200
Compute timing event: phase=Dispatch scene=VoxelSceneId("canonical-dense-scene") revision=4 generation=3 elapsed_ms=0.007000
Compute timing event: phase=Composite scene=VoxelSceneId("canonical-dense-scene") revision=4 generation=3 elapsed_ms=0.007500
Render Path timing event: phase=Presentation render_path=ComputeRay revision=4 elapsed_ms=0.081400
Compute timing event: phase=Dispatch scene=VoxelSceneId("canonical-dense-scene") revision=4 generation=3 elapsed_ms=0.006000
Compute timing event: phase=Composite scene=VoxelSceneId("canonical-dense-scene") revision=4 generation=3 elapsed_ms=0.005900
Render Path timing event: phase=Presentation render_path=ComputeRay revision=4 elapsed_ms=0.077600
Compute timing event: phase=Dispatch scene=VoxelSceneId("canonical-dense-scene") revision=4 generation=3 elapsed_ms=0.005800
Compute timing event: phase=Composite scene=VoxelSceneId("canonical-dense-scene") revision=4 generation=3 elapsed_ms=0.005800
Render Path timing event: phase=Presentation render_path=ComputeRay revision=4 elapsed_ms=0.107100
Compute timing event: phase=Dispatch scene=VoxelSceneId("canonical-dense-scene") revision=4 generation=3 elapsed_ms=0.007500
Compute timing event: phase=Composite scene=VoxelSceneId("canonical-dense-scene") revision=4 generation=3 elapsed_ms=0.008100
Render Path timing event: phase=Presentation render_path=ComputeRay revision=4 elapsed_ms=0.105100
Compute timing event: phase=Dispatch scene=VoxelSceneId("canonical-dense-scene") revision=4 generation=3 elapsed_ms=0.008700
Compute timing event: phase=Composite scene=VoxelSceneId("canonical-dense-scene") revision=4 generation=3 elapsed_ms=0.008700
Render Path timing event: phase=Presentation render_path=ComputeRay revision=4 elapsed_ms=0.083600
Compute timing event: phase=Dispatch scene=VoxelSceneId("canonical-dense-scene") revision=4 generation=3 elapsed_ms=0.006300
Compute timing event: phase=Composite scene=VoxelSceneId("canonical-dense-scene") revision=4 generation=3 elapsed_ms=0.006200
Render Path timing event: phase=Presentation render_path=ComputeRay revision=4 elapsed_ms=0.079300
Compute timing event: phase=Dispatch scene=VoxelSceneId("canonical-dense-scene") revision=4 generation=3 elapsed_ms=0.005700
Compute timing event: phase=Composite scene=VoxelSceneId("canonical-dense-scene") revision=4 generation=3 elapsed_ms=0.005800
Render Path timing event: phase=Presentation render_path=ComputeRay revision=4 elapsed_ms=0.080700
Compute timing event: phase=Dispatch scene=VoxelSceneId("canonical-dense-scene") revision=4 generation=3 elapsed_ms=0.005800
Compute timing event: phase=Composite scene=VoxelSceneId("canonical-dense-scene") revision=4 generation=3 elapsed_ms=0.006000
Render Path timing event: phase=Presentation render_path=ComputeRay revision=4 elapsed_ms=0.088600
Compute timing event: phase=Dispatch scene=VoxelSceneId("canonical-dense-scene") revision=4 generation=3 elapsed_ms=0.005600
Compute timing event: phase=Composite scene=VoxelSceneId("canonical-dense-scene") revision=4 generation=3 elapsed_ms=0.005800
Render Path timing event: phase=Presentation render_path=ComputeRay revision=4 elapsed_ms=0.090800
Compute timing event: phase=Dispatch scene=VoxelSceneId("canonical-dense-scene") revision=4 generation=3 elapsed_ms=0.007400
Compute timing event: phase=Composite scene=VoxelSceneId("canonical-dense-scene") revision=4 generation=3 elapsed_ms=0.006900
Render Path timing event: phase=Presentation render_path=ComputeRay revision=4 elapsed_ms=0.085200
Compute timing event: phase=Dispatch scene=VoxelSceneId("canonical-dense-scene") revision=4 generation=3 elapsed_ms=0.006300
Compute timing event: phase=Composite scene=VoxelSceneId("canonical-dense-scene") revision=4 generation=3 elapsed_ms=0.006100
Render Path timing event: phase=Presentation render_path=ComputeRay revision=4 elapsed_ms=0.155700
Compute timing event: phase=Dispatch scene=VoxelSceneId("canonical-dense-scene") revision=4 generation=3 elapsed_ms=0.007000
Compute timing event: phase=Composite scene=VoxelSceneId("canonical-dense-scene") revision=4 generation=3 elapsed_ms=0.007100
Render Path timing event: phase=Presentation render_path=ComputeRay revision=4 elapsed_ms=0.076600
Compute timing event: phase=Dispatch scene=VoxelSceneId("canonical-dense-scene") revision=4 generation=3 elapsed_ms=0.005600
Compute timing event: phase=Composite scene=VoxelSceneId("canonical-dense-scene") revision=4 generation=3 elapsed_ms=0.006000
Render Path timing event: phase=Presentation render_path=ComputeRay revision=4 elapsed_ms=0.079200
Compute timing event: phase=Dispatch scene=VoxelSceneId("canonical-dense-scene") revision=4 generation=3 elapsed_ms=0.005600
Compute timing event: phase=Composite scene=VoxelSceneId("canonical-dense-scene") revision=4 generation=3 elapsed_ms=0.005800
Render Path timing event: phase=Presentation render_path=ComputeRay revision=4 elapsed_ms=0.160400
Compute timing event: phase=Dispatch scene=VoxelSceneId("canonical-dense-scene") revision=4 generation=3 elapsed_ms=0.007900
Compute timing event: phase=Composite scene=VoxelSceneId("canonical-dense-scene") revision=4 generation=3 elapsed_ms=0.008600
Render Path timing event: phase=Presentation render_path=ComputeRay revision=4 elapsed_ms=0.094900
Compute timing event: phase=Dispatch scene=VoxelSceneId("canonical-dense-scene") revision=4 generation=3 elapsed_ms=0.007500
Compute timing event: phase=Composite scene=VoxelSceneId("canonical-dense-scene") revision=4 generation=3 elapsed_ms=0.008700
Render Path timing event: phase=Presentation render_path=ComputeRay revision=4 elapsed_ms=0.085600
Compute timing event: phase=Dispatch scene=VoxelSceneId("canonical-dense-scene") revision=4 generation=3 elapsed_ms=0.006300
Compute timing event: phase=Composite scene=VoxelSceneId("canonical-dense-scene") revision=4 generation=3 elapsed_ms=0.007300
Render Path timing event: phase=Presentation render_path=ComputeRay revision=4 elapsed_ms=0.082900
Compute timing event: phase=Dispatch scene=VoxelSceneId("canonical-dense-scene") revision=4 generation=3 elapsed_ms=0.006000
Compute timing event: phase=Composite scene=VoxelSceneId("canonical-dense-scene") revision=4 generation=3 elapsed_ms=0.006300
Render Path timing event: phase=Presentation render_path=ComputeRay revision=4 elapsed_ms=0.080300
Compute timing event: phase=Dispatch scene=VoxelSceneId("canonical-dense-scene") revision=4 generation=3 elapsed_ms=0.005700
Compute timing event: phase=Composite scene=VoxelSceneId("canonical-dense-scene") revision=4 generation=3 elapsed_ms=0.005900
Render Path timing event: phase=Presentation render_path=ComputeRay revision=4 elapsed_ms=0.090300
Compute timing event: phase=Dispatch scene=VoxelSceneId("canonical-dense-scene") revision=4 generation=3 elapsed_ms=0.005400
Compute timing event: phase=Composite scene=VoxelSceneId("canonical-dense-scene") revision=4 generation=3 elapsed_ms=0.005800
Render Path timing event: phase=Presentation render_path=ComputeRay revision=4 elapsed_ms=0.108100
Compute timing event: phase=Dispatch scene=VoxelSceneId("canonical-dense-scene") revision=4 generation=3 elapsed_ms=0.006800
Compute timing event: phase=Composite scene=VoxelSceneId("canonical-dense-scene") revision=4 generation=3 elapsed_ms=0.007200
Render Path timing event: phase=Presentation render_path=ComputeRay revision=4 elapsed_ms=0.086600
Compute timing event: phase=Dispatch scene=VoxelSceneId("canonical-dense-scene") revision=4 generation=3 elapsed_ms=0.006100
Compute timing event: phase=Composite scene=VoxelSceneId("canonical-dense-scene") revision=4 generation=3 elapsed_ms=0.006400
Render Path timing event: phase=Presentation render_path=ComputeRay revision=4 elapsed_ms=0.083500
Compute timing event: phase=Dispatch scene=VoxelSceneId("canonical-dense-scene") revision=4 generation=3 elapsed_ms=0.006800
Compute timing event: phase=Composite scene=VoxelSceneId("canonical-dense-scene") revision=4 generation=3 elapsed_ms=0.007000
Render Path timing event: phase=Presentation render_path=ComputeRay revision=4 elapsed_ms=0.077300
Compute timing event: phase=Dispatch scene=VoxelSceneId("canonical-dense-scene") revision=4 generation=3 elapsed_ms=0.005400
Compute timing event: phase=Composite scene=VoxelSceneId("canonical-dense-scene") revision=4 generation=3 elapsed_ms=0.005700
Render Path timing event: phase=Presentation render_path=ComputeRay revision=4 elapsed_ms=0.079900
Compute timing event: phase=Dispatch scene=VoxelSceneId("canonical-dense-scene") revision=4 generation=3 elapsed_ms=0.006200
Compute timing event: phase=Composite scene=VoxelSceneId("canonical-dense-scene") revision=4 generation=3 elapsed_ms=0.006100
Render Path timing event: phase=Presentation render_path=ComputeRay revision=4 elapsed_ms=0.090500
Compute timing event: phase=Dispatch scene=VoxelSceneId("canonical-dense-scene") revision=4 generation=3 elapsed_ms=0.006300
Compute timing event: phase=Composite scene=VoxelSceneId("canonical-dense-scene") revision=4 generation=3 elapsed_ms=0.007100
Render Path timing event: phase=Presentation render_path=ComputeRay revision=4 elapsed_ms=0.082600
Compute timing event: phase=Dispatch scene=VoxelSceneId("canonical-dense-scene") revision=4 generation=3 elapsed_ms=0.006600
Compute timing event: phase=Composite scene=VoxelSceneId("canonical-dense-scene") revision=4 generation=3 elapsed_ms=0.006200
Render Path timing event: phase=Presentation render_path=ComputeRay revision=4 elapsed_ms=0.080400
Compute timing event: phase=Dispatch scene=VoxelSceneId("canonical-dense-scene") revision=4 generation=3 elapsed_ms=0.005900
Compute timing event: phase=Composite scene=VoxelSceneId("canonical-dense-scene") revision=4 generation=3 elapsed_ms=0.006200
Render Path timing event: phase=Presentation render_path=ComputeRay revision=4 elapsed_ms=0.080900
Compute timing event: phase=Dispatch scene=VoxelSceneId("canonical-dense-scene") revision=4 generation=3 elapsed_ms=0.005900
Compute timing event: phase=Composite scene=VoxelSceneId("canonical-dense-scene") revision=4 generation=3 elapsed_ms=0.006000
Render Path timing event: phase=Presentation render_path=ComputeRay revision=4 elapsed_ms=0.118900
Compute timing event: phase=Dispatch scene=VoxelSceneId("canonical-dense-scene") revision=4 generation=3 elapsed_ms=0.008500
Compute timing event: phase=Composite scene=VoxelSceneId("canonical-dense-scene") revision=4 generation=3 elapsed_ms=0.008400
Render Path timing event: phase=Presentation render_path=ComputeRay revision=4 elapsed_ms=0.079300
Compute timing event: phase=Dispatch scene=VoxelSceneId("canonical-dense-scene") revision=4 generation=3 elapsed_ms=0.005900
Compute timing event: phase=Composite scene=VoxelSceneId("canonical-dense-scene") revision=4 generation=3 elapsed_ms=0.006100
Render Path timing event: phase=Presentation render_path=ComputeRay revision=4 elapsed_ms=0.104300
Compute timing event: phase=Dispatch scene=VoxelSceneId("canonical-dense-scene") revision=4 generation=3 elapsed_ms=0.008000
Compute timing event: phase=Composite scene=VoxelSceneId("canonical-dense-scene") revision=4 generation=3 elapsed_ms=0.007700
Render Path timing event: phase=Presentation render_path=ComputeRay revision=4 elapsed_ms=0.103800
Compute timing event: phase=Dispatch scene=VoxelSceneId("canonical-dense-scene") revision=4 generation=3 elapsed_ms=0.006600
Compute timing event: phase=Composite scene=VoxelSceneId("canonical-dense-scene") revision=4 generation=3 elapsed_ms=0.019600
Render Path timing event: phase=Presentation render_path=ComputeRay revision=4 elapsed_ms=0.083000
Compute timing event: phase=Dispatch scene=VoxelSceneId("canonical-dense-scene") revision=4 generation=3 elapsed_ms=0.006000
Compute timing event: phase=Composite scene=VoxelSceneId("canonical-dense-scene") revision=4 generation=3 elapsed_ms=0.006400
Render Path timing event: phase=Presentation render_path=ComputeRay revision=4 elapsed_ms=0.095400
Compute timing event: phase=Dispatch scene=VoxelSceneId("canonical-dense-scene") revision=4 generation=3 elapsed_ms=0.007200
Compute timing event: phase=Composite scene=VoxelSceneId("canonical-dense-scene") revision=4 generation=3 elapsed_ms=0.007400
Render Path timing event: phase=Presentation render_path=ComputeRay revision=4 elapsed_ms=0.080200
Compute timing event: phase=Dispatch scene=VoxelSceneId("canonical-dense-scene") revision=4 generation=3 elapsed_ms=0.005600
Compute timing event: phase=Composite scene=VoxelSceneId("canonical-dense-scene") revision=4 generation=3 elapsed_ms=0.005900
Render Path timing event: phase=Presentation render_path=ComputeRay revision=4 elapsed_ms=0.094500
Compute timing event: phase=Dispatch scene=VoxelSceneId("canonical-dense-scene") revision=4 generation=3 elapsed_ms=0.006900
Compute timing event: phase=Composite scene=VoxelSceneId("canonical-dense-scene") revision=4 generation=3 elapsed_ms=0.006900
Render Path timing event: phase=Presentation render_path=ComputeRay revision=4 elapsed_ms=0.119200
Compute timing event: phase=Dispatch scene=VoxelSceneId("canonical-dense-scene") revision=4 generation=3 elapsed_ms=0.007100
Compute timing event: phase=Composite scene=VoxelSceneId("canonical-dense-scene") revision=4 generation=3 elapsed_ms=0.007000
Render Path timing event: phase=Presentation render_path=ComputeRay revision=4 elapsed_ms=0.085500
Compute timing event: phase=Dispatch scene=VoxelSceneId("canonical-dense-scene") revision=4 generation=3 elapsed_ms=0.006500
Compute timing event: phase=Composite scene=VoxelSceneId("canonical-dense-scene") revision=4 generation=3 elapsed_ms=0.006200
Render Path timing event: phase=Presentation render_path=ComputeRay revision=4 elapsed_ms=0.080300
Compute timing event: phase=Dispatch scene=VoxelSceneId("canonical-dense-scene") revision=4 generation=3 elapsed_ms=0.005700
Compute timing event: phase=Composite scene=VoxelSceneId("canonical-dense-scene") revision=4 generation=3 elapsed_ms=0.006000
Render Path timing event: phase=Presentation render_path=ComputeRay revision=4 elapsed_ms=0.077000
Compute timing event: phase=Dispatch scene=VoxelSceneId("canonical-dense-scene") revision=4 generation=3 elapsed_ms=0.005500
Compute timing event: phase=Composite scene=VoxelSceneId("canonical-dense-scene") revision=4 generation=3 elapsed_ms=0.005800
Render Path timing event: phase=Presentation render_path=ComputeRay revision=4 elapsed_ms=0.086600
Compute timing event: phase=Dispatch scene=VoxelSceneId("canonical-dense-scene") revision=4 generation=3 elapsed_ms=0.005400
Compute timing event: phase=Composite scene=VoxelSceneId("canonical-dense-scene") revision=4 generation=3 elapsed_ms=0.005700
Render Path timing event: phase=Presentation render_path=ComputeRay revision=4 elapsed_ms=0.106100
Compute timing event: phase=Dispatch scene=VoxelSceneId("canonical-dense-scene") revision=4 generation=3 elapsed_ms=0.009200
Compute timing event: phase=Composite scene=VoxelSceneId("canonical-dense-scene") revision=4 generation=3 elapsed_ms=0.008500
Render Path timing event: phase=Presentation render_path=ComputeRay revision=4 elapsed_ms=0.086000
Compute timing event: phase=Dispatch scene=VoxelSceneId("canonical-dense-scene") revision=4 generation=3 elapsed_ms=0.006500
Compute timing event: phase=Composite scene=VoxelSceneId("canonical-dense-scene") revision=4 generation=3 elapsed_ms=0.006500
Render Path timing event: phase=Presentation render_path=ComputeRay revision=4 elapsed_ms=0.079200
Compute timing event: phase=Dispatch scene=VoxelSceneId("canonical-dense-scene") revision=4 generation=3 elapsed_ms=0.005700
Compute timing event: phase=Composite scene=VoxelSceneId("canonical-dense-scene") revision=4 generation=3 elapsed_ms=0.006000
Render Path timing event: phase=Presentation render_path=ComputeRay revision=4 elapsed_ms=0.079600
Compute timing event: phase=Dispatch scene=VoxelSceneId("canonical-dense-scene") revision=4 generation=3 elapsed_ms=0.005400
Compute timing event: phase=Composite scene=VoxelSceneId("canonical-dense-scene") revision=4 generation=3 elapsed_ms=0.005800
Render Path timing event: phase=Presentation render_path=ComputeRay revision=4 elapsed_ms=0.078400
Compute timing event: phase=Dispatch scene=VoxelSceneId("canonical-dense-scene") revision=4 generation=3 elapsed_ms=0.005600
Compute timing event: phase=Composite scene=VoxelSceneId("canonical-dense-scene") revision=4 generation=3 elapsed_ms=0.006000
Render Path timing event: phase=Presentation render_path=ComputeRay revision=4 elapsed_ms=0.084500
Compute timing event: phase=Dispatch scene=VoxelSceneId("canonical-dense-scene") revision=4 generation=3 elapsed_ms=0.005600
Compute timing event: phase=Composite scene=VoxelSceneId("canonical-dense-scene") revision=4 generation=3 elapsed_ms=0.005900
Render Path timing event: phase=Presentation render_path=ComputeRay revision=4 elapsed_ms=0.107500
Compute timing event: phase=Dispatch scene=VoxelSceneId("canonical-dense-scene") revision=4 generation=3 elapsed_ms=0.007100
Compute timing event: phase=Composite scene=VoxelSceneId("canonical-dense-scene") revision=4 generation=3 elapsed_ms=0.006700
Render Path timing event: phase=Presentation render_path=ComputeRay revision=4 elapsed_ms=0.084800
Compute timing event: phase=Dispatch scene=VoxelSceneId("canonical-dense-scene") revision=4 generation=3 elapsed_ms=0.006400
Compute timing event: phase=Composite scene=VoxelSceneId("canonical-dense-scene") revision=4 generation=3 elapsed_ms=0.006200
Render Path timing event: phase=Presentation render_path=ComputeRay revision=4 elapsed_ms=0.079700
Compute timing event: phase=Dispatch scene=VoxelSceneId("canonical-dense-scene") revision=4 generation=3 elapsed_ms=0.005700
Compute timing event: phase=Composite scene=VoxelSceneId("canonical-dense-scene") revision=4 generation=3 elapsed_ms=0.005900
Render Path timing event: phase=Presentation render_path=ComputeRay revision=4 elapsed_ms=0.080700
Compute timing event: phase=Dispatch scene=VoxelSceneId("canonical-dense-scene") revision=4 generation=3 elapsed_ms=0.005700
Compute timing event: phase=Composite scene=VoxelSceneId("canonical-dense-scene") revision=4 generation=3 elapsed_ms=0.005900
Render Path timing event: phase=Presentation render_path=ComputeRay revision=4 elapsed_ms=0.078700
Compute timing event: phase=Dispatch scene=VoxelSceneId("canonical-dense-scene") revision=4 generation=3 elapsed_ms=0.005600
Compute timing event: phase=Composite scene=VoxelSceneId("canonical-dense-scene") revision=4 generation=3 elapsed_ms=0.005900
Render Path timing event: phase=Presentation render_path=ComputeRay revision=4 elapsed_ms=0.083500
Compute timing event: phase=Dispatch scene=VoxelSceneId("canonical-dense-scene") revision=4 generation=3 elapsed_ms=0.005900
Compute timing event: phase=Composite scene=VoxelSceneId("canonical-dense-scene") revision=4 generation=3 elapsed_ms=0.006300
Render Path timing event: phase=Presentation render_path=ComputeRay revision=4 elapsed_ms=0.083300
Compute timing event: phase=Dispatch scene=VoxelSceneId("canonical-dense-scene") revision=4 generation=3 elapsed_ms=0.006300
Compute timing event: phase=Composite scene=VoxelSceneId("canonical-dense-scene") revision=4 generation=3 elapsed_ms=0.006100
Render Path timing event: phase=Presentation render_path=ComputeRay revision=4 elapsed_ms=0.097100
Compute timing event: phase=Dispatch scene=VoxelSceneId("canonical-dense-scene") revision=4 generation=3 elapsed_ms=0.005900
Compute timing event: phase=Composite scene=VoxelSceneId("canonical-dense-scene") revision=4 generation=3 elapsed_ms=0.006800
Render Path timing event: phase=Presentation render_path=ComputeRay revision=4 elapsed_ms=0.081600
Compute timing event: phase=Dispatch scene=VoxelSceneId("canonical-dense-scene") revision=4 generation=3 elapsed_ms=0.005700
Compute timing event: phase=Composite scene=VoxelSceneId("canonical-dense-scene") revision=4 generation=3 elapsed_ms=0.006400
Render Path timing event: phase=Presentation render_path=ComputeRay revision=4 elapsed_ms=0.084600
Compute timing event: phase=Dispatch scene=VoxelSceneId("canonical-dense-scene") revision=4 generation=3 elapsed_ms=0.006000
Compute timing event: phase=Composite scene=VoxelSceneId("canonical-dense-scene") revision=4 generation=3 elapsed_ms=0.006300
Render Path timing event: phase=Presentation render_path=ComputeRay revision=4 elapsed_ms=0.080400
Compute timing event: phase=Dispatch scene=VoxelSceneId("canonical-dense-scene") revision=4 generation=3 elapsed_ms=0.005900
Compute timing event: phase=Composite scene=VoxelSceneId("canonical-dense-scene") revision=4 generation=3 elapsed_ms=0.006000
Render Path timing event: phase=Presentation render_path=ComputeRay revision=4 elapsed_ms=0.106900
Compute timing event: phase=Dispatch scene=VoxelSceneId("canonical-dense-scene") revision=4 generation=3 elapsed_ms=0.007700
Compute timing event: phase=Composite scene=VoxelSceneId("canonical-dense-scene") revision=4 generation=3 elapsed_ms=0.007800
Render Path timing event: phase=Presentation render_path=ComputeRay revision=4 elapsed_ms=0.107700
Compute timing event: phase=Dispatch scene=VoxelSceneId("canonical-dense-scene") revision=4 generation=3 elapsed_ms=0.007800
Compute timing event: phase=Composite scene=VoxelSceneId("canonical-dense-scene") revision=4 generation=3 elapsed_ms=0.007600
Render Path timing event: phase=Presentation render_path=ComputeRay revision=4 elapsed_ms=0.094900
Compute timing event: phase=Dispatch scene=VoxelSceneId("canonical-dense-scene") revision=4 generation=3 elapsed_ms=0.006600
Compute timing event: phase=Composite scene=VoxelSceneId("canonical-dense-scene") revision=4 generation=3 elapsed_ms=0.007100
Render Path timing event: phase=Presentation render_path=ComputeRay revision=4 elapsed_ms=0.082000
Compute timing event: phase=Dispatch scene=VoxelSceneId("canonical-dense-scene") revision=4 generation=3 elapsed_ms=0.006200
Compute timing event: phase=Composite scene=VoxelSceneId("canonical-dense-scene") revision=4 generation=3 elapsed_ms=0.006300
Render Path timing event: phase=Presentation render_path=ComputeRay revision=4 elapsed_ms=0.082000
Compute timing event: phase=Dispatch scene=VoxelSceneId("canonical-dense-scene") revision=4 generation=3 elapsed_ms=0.005800
Compute timing event: phase=Composite scene=VoxelSceneId("canonical-dense-scene") revision=4 generation=3 elapsed_ms=0.006100
Render Path timing event: phase=Presentation render_path=ComputeRay revision=4 elapsed_ms=0.105700
Compute timing event: phase=Dispatch scene=VoxelSceneId("canonical-dense-scene") revision=4 generation=3 elapsed_ms=0.007400
Compute timing event: phase=Composite scene=VoxelSceneId("canonical-dense-scene") revision=4 generation=3 elapsed_ms=0.007700
Render Path timing event: phase=Presentation render_path=ComputeRay revision=4 elapsed_ms=0.153700
Compute timing event: phase=Dispatch scene=VoxelSceneId("canonical-dense-scene") revision=4 generation=3 elapsed_ms=0.006700
Compute timing event: phase=Composite scene=VoxelSceneId("canonical-dense-scene") revision=4 generation=3 elapsed_ms=0.006800
Render Path timing event: phase=Presentation render_path=ComputeRay revision=4 elapsed_ms=0.081100
Compute timing event: phase=Dispatch scene=VoxelSceneId("canonical-dense-scene") revision=4 generation=3 elapsed_ms=0.006200
Compute timing event: phase=Composite scene=VoxelSceneId("canonical-dense-scene") revision=4 generation=3 elapsed_ms=0.006100
Render Path timing event: phase=Presentation render_path=ComputeRay revision=4 elapsed_ms=0.079800
Compute timing event: phase=Dispatch scene=VoxelSceneId("canonical-dense-scene") revision=4 generation=3 elapsed_ms=0.006000
Compute timing event: phase=Composite scene=VoxelSceneId("canonical-dense-scene") revision=4 generation=3 elapsed_ms=0.005900
Render Path timing event: phase=Presentation render_path=ComputeRay revision=4 elapsed_ms=0.081000
Compute timing event: phase=Dispatch scene=VoxelSceneId("canonical-dense-scene") revision=4 generation=3 elapsed_ms=0.005700
Compute timing event: phase=Composite scene=VoxelSceneId("canonical-dense-scene") revision=4 generation=3 elapsed_ms=0.006100
Render Path timing event: phase=Presentation render_path=ComputeRay revision=4 elapsed_ms=0.092000
Compute timing event: phase=Dispatch scene=VoxelSceneId("canonical-dense-scene") revision=4 generation=3 elapsed_ms=0.005700
Compute timing event: phase=Composite scene=VoxelSceneId("canonical-dense-scene") revision=4 generation=3 elapsed_ms=0.005800
Render Path timing event: phase=Presentation render_path=ComputeRay revision=4 elapsed_ms=0.100500
Compute timing event: phase=Dispatch scene=VoxelSceneId("canonical-dense-scene") revision=4 generation=3 elapsed_ms=0.007300
Compute timing event: phase=Composite scene=VoxelSceneId("canonical-dense-scene") revision=4 generation=3 elapsed_ms=0.006900
Render Path timing event: phase=Presentation render_path=ComputeRay revision=4 elapsed_ms=0.080000
Compute timing event: phase=Dispatch scene=VoxelSceneId("canonical-dense-scene") revision=4 generation=3 elapsed_ms=0.006000
Compute timing event: phase=Composite scene=VoxelSceneId("canonical-dense-scene") revision=4 generation=3 elapsed_ms=0.006100
Render Path timing event: phase=Presentation render_path=ComputeRay revision=4 elapsed_ms=0.146700
Compute timing event: phase=Dispatch scene=VoxelSceneId("canonical-dense-scene") revision=4 generation=3 elapsed_ms=0.007100
Compute timing event: phase=Composite scene=VoxelSceneId("canonical-dense-scene") revision=4 generation=3 elapsed_ms=0.008200
Render Path timing event: phase=Presentation render_path=ComputeRay revision=4 elapsed_ms=0.080900
Compute timing event: phase=Dispatch scene=VoxelSceneId("canonical-dense-scene") revision=4 generation=3 elapsed_ms=0.005800
Compute timing event: phase=Composite scene=VoxelSceneId("canonical-dense-scene") revision=4 generation=3 elapsed_ms=0.006300
Render Path timing event: phase=Presentation render_path=ComputeRay revision=4 elapsed_ms=0.077000
Compute timing event: phase=Dispatch scene=VoxelSceneId("canonical-dense-scene") revision=4 generation=3 elapsed_ms=0.005800
Compute timing event: phase=Composite scene=VoxelSceneId("canonical-dense-scene") revision=4 generation=3 elapsed_ms=0.005800
Render Path timing event: phase=Presentation render_path=ComputeRay revision=4 elapsed_ms=0.078600
Compute timing event: phase=Dispatch scene=VoxelSceneId("canonical-dense-scene") revision=4 generation=3 elapsed_ms=0.005600
Compute timing event: phase=Composite scene=VoxelSceneId("canonical-dense-scene") revision=4 generation=3 elapsed_ms=0.005900
Render Path timing event: phase=Presentation render_path=ComputeRay revision=4 elapsed_ms=0.093000
Compute timing event: phase=Dispatch scene=VoxelSceneId("canonical-dense-scene") revision=4 generation=3 elapsed_ms=0.007700
Compute timing event: phase=Composite scene=VoxelSceneId("canonical-dense-scene") revision=4 generation=3 elapsed_ms=0.008100
Render Path timing event: phase=Presentation render_path=ComputeRay revision=4 elapsed_ms=0.102500
Compute timing event: phase=Dispatch scene=VoxelSceneId("canonical-dense-scene") revision=4 generation=3 elapsed_ms=0.007400
Compute timing event: phase=Composite scene=VoxelSceneId("canonical-dense-scene") revision=4 generation=3 elapsed_ms=0.007900
Render Path timing event: phase=Presentation render_path=ComputeRay revision=4 elapsed_ms=0.083900
Compute timing event: phase=Dispatch scene=VoxelSceneId("canonical-dense-scene") revision=4 generation=3 elapsed_ms=0.006500
Compute timing event: phase=Composite scene=VoxelSceneId("canonical-dense-scene") revision=4 generation=3 elapsed_ms=0.006300
Render Path timing event: phase=Presentation render_path=ComputeRay revision=4 elapsed_ms=0.080700
Compute timing event: phase=Dispatch scene=VoxelSceneId("canonical-dense-scene") revision=4 generation=3 elapsed_ms=0.005500
Compute timing event: phase=Composite scene=VoxelSceneId("canonical-dense-scene") revision=4 generation=3 elapsed_ms=0.005900
Render Path timing event: phase=Presentation render_path=ComputeRay revision=4 elapsed_ms=0.080200
Compute timing event: phase=Dispatch scene=VoxelSceneId("canonical-dense-scene") revision=4 generation=3 elapsed_ms=0.005700
Compute timing event: phase=Composite scene=VoxelSceneId("canonical-dense-scene") revision=4 generation=3 elapsed_ms=0.006000
Render Path timing event: phase=Presentation render_path=ComputeRay revision=4 elapsed_ms=0.097400
Compute timing event: phase=Dispatch scene=VoxelSceneId("canonical-dense-scene") revision=4 generation=3 elapsed_ms=0.006700
Compute timing event: phase=Composite scene=VoxelSceneId("canonical-dense-scene") revision=4 generation=3 elapsed_ms=0.007000
Render Path timing event: phase=Presentation render_path=ComputeRay revision=4 elapsed_ms=0.183300
Compute timing event: phase=Dispatch scene=VoxelSceneId("canonical-dense-scene") revision=4 generation=3 elapsed_ms=0.007000
Compute timing event: phase=Composite scene=VoxelSceneId("canonical-dense-scene") revision=4 generation=3 elapsed_ms=0.007800
Render Path timing event: phase=Presentation render_path=ComputeRay revision=4 elapsed_ms=0.084900
Compute timing event: phase=Dispatch scene=VoxelSceneId("canonical-dense-scene") revision=4 generation=3 elapsed_ms=0.006000
Compute timing event: phase=Composite scene=VoxelSceneId("canonical-dense-scene") revision=4 generation=3 elapsed_ms=0.006800
Render Path timing event: phase=Presentation render_path=ComputeRay revision=4 elapsed_ms=0.079900
Compute timing event: phase=Dispatch scene=VoxelSceneId("canonical-dense-scene") revision=4 generation=3 elapsed_ms=0.005900
Compute timing event: phase=Composite scene=VoxelSceneId("canonical-dense-scene") revision=4 generation=3 elapsed_ms=0.006000
Render Path timing event: phase=Presentation render_path=ComputeRay revision=4 elapsed_ms=0.080200
Compute timing event: phase=Dispatch scene=VoxelSceneId("canonical-dense-scene") revision=4 generation=3 elapsed_ms=0.005600
Compute timing event: phase=Composite scene=VoxelSceneId("canonical-dense-scene") revision=4 generation=3 elapsed_ms=0.006000
Render Path timing event: phase=Presentation render_path=ComputeRay revision=4 elapsed_ms=0.092200
Compute timing event: phase=Dispatch scene=VoxelSceneId("canonical-dense-scene") revision=4 generation=3 elapsed_ms=0.007100
Compute timing event: phase=Composite scene=VoxelSceneId("canonical-dense-scene") revision=4 generation=3 elapsed_ms=0.007800
Render Path timing event: phase=Presentation render_path=ComputeRay revision=4 elapsed_ms=0.187800
Compute timing event: phase=Dispatch scene=VoxelSceneId("canonical-dense-scene") revision=4 generation=3 elapsed_ms=0.008800
Compute timing event: phase=Composite scene=VoxelSceneId("canonical-dense-scene") revision=4 generation=3 elapsed_ms=0.009700
Render Path timing event: phase=Presentation render_path=ComputeRay revision=4 elapsed_ms=0.088800
Compute timing event: phase=Dispatch scene=VoxelSceneId("canonical-dense-scene") revision=4 generation=3 elapsed_ms=0.006700
Compute timing event: phase=Composite scene=VoxelSceneId("canonical-dense-scene") revision=4 generation=3 elapsed_ms=0.006900
Render Path timing event: phase=Presentation render_path=ComputeRay revision=4 elapsed_ms=0.082100
Compute timing event: phase=Dispatch scene=VoxelSceneId("canonical-dense-scene") revision=4 generation=3 elapsed_ms=0.005700
Compute timing event: phase=Composite scene=VoxelSceneId("canonical-dense-scene") revision=4 generation=3 elapsed_ms=0.006400
Render Path timing event: phase=Presentation render_path=ComputeRay revision=4 elapsed_ms=0.076000
Compute timing event: phase=Dispatch scene=VoxelSceneId("canonical-dense-scene") revision=4 generation=3 elapsed_ms=0.005500
Compute timing event: phase=Composite scene=VoxelSceneId("canonical-dense-scene") revision=4 generation=3 elapsed_ms=0.005700
Render Path timing event: phase=Presentation render_path=ComputeRay revision=4 elapsed_ms=0.076400
Compute timing event: phase=Dispatch scene=VoxelSceneId("canonical-dense-scene") revision=4 generation=3 elapsed_ms=0.005400
Compute timing event: phase=Composite scene=VoxelSceneId("canonical-dense-scene") revision=4 generation=3 elapsed_ms=0.005700
Render Path timing event: phase=Presentation render_path=ComputeRay revision=4 elapsed_ms=0.104700
Compute timing event: phase=Dispatch scene=VoxelSceneId("canonical-dense-scene") revision=4 generation=3 elapsed_ms=0.008700
Compute timing event: phase=Composite scene=VoxelSceneId("canonical-dense-scene") revision=4 generation=3 elapsed_ms=0.009300
Render Path timing event: phase=Presentation render_path=ComputeRay revision=4 elapsed_ms=0.091700
Compute timing event: phase=Dispatch scene=VoxelSceneId("canonical-dense-scene") revision=4 generation=3 elapsed_ms=0.007200
Compute timing event: phase=Composite scene=VoxelSceneId("canonical-dense-scene") revision=4 generation=3 elapsed_ms=0.007100
Render Path timing event: phase=Presentation render_path=ComputeRay revision=4 elapsed_ms=0.086300
Compute timing event: phase=Dispatch scene=VoxelSceneId("canonical-dense-scene") revision=4 generation=3 elapsed_ms=0.006300
Compute timing event: phase=Composite scene=VoxelSceneId("canonical-dense-scene") revision=4 generation=3 elapsed_ms=0.007000
Render Path timing event: phase=Presentation render_path=ComputeRay revision=4 elapsed_ms=0.081100
Compute timing event: phase=Dispatch scene=VoxelSceneId("canonical-dense-scene") revision=4 generation=3 elapsed_ms=0.006000
Compute timing event: phase=Composite scene=VoxelSceneId("canonical-dense-scene") revision=4 generation=3 elapsed_ms=0.006000
Render Path timing event: phase=Presentation render_path=ComputeRay revision=4 elapsed_ms=0.079900
Compute timing event: phase=Dispatch scene=VoxelSceneId("canonical-dense-scene") revision=4 generation=3 elapsed_ms=0.005700
Compute timing event: phase=Composite scene=VoxelSceneId("canonical-dense-scene") revision=4 generation=3 elapsed_ms=0.005800
Render Path timing event: phase=Presentation render_path=ComputeRay revision=4 elapsed_ms=0.094100
Compute timing event: phase=Dispatch scene=VoxelSceneId("canonical-dense-scene") revision=4 generation=3 elapsed_ms=0.007700
Compute timing event: phase=Composite scene=VoxelSceneId("canonical-dense-scene") revision=4 generation=3 elapsed_ms=0.007500
Render Path timing event: phase=Presentation render_path=ComputeRay revision=4 elapsed_ms=0.182400
Compute timing event: phase=Dispatch scene=VoxelSceneId("canonical-dense-scene") revision=4 generation=3 elapsed_ms=0.008200
Compute timing event: phase=Composite scene=VoxelSceneId("canonical-dense-scene") revision=4 generation=3 elapsed_ms=0.008100
Render Path timing event: phase=Presentation render_path=ComputeRay revision=4 elapsed_ms=0.084400
Compute timing event: phase=Dispatch scene=VoxelSceneId("canonical-dense-scene") revision=4 generation=3 elapsed_ms=0.005800
Compute timing event: phase=Composite scene=VoxelSceneId("canonical-dense-scene") revision=4 generation=3 elapsed_ms=0.006400
Render Path timing event: phase=Presentation render_path=ComputeRay revision=4 elapsed_ms=0.097700
Compute timing event: phase=Dispatch scene=VoxelSceneId("canonical-dense-scene") revision=4 generation=3 elapsed_ms=0.007400
Compute timing event: phase=Composite scene=VoxelSceneId("canonical-dense-scene") revision=4 generation=3 elapsed_ms=0.006400
Render Path timing event: phase=Presentation render_path=ComputeRay revision=4 elapsed_ms=0.091700
Compute timing event: phase=Dispatch scene=VoxelSceneId("canonical-dense-scene") revision=4 generation=3 elapsed_ms=0.017200
Compute timing event: phase=Composite scene=VoxelSceneId("canonical-dense-scene") revision=4 generation=3 elapsed_ms=0.006100
Render Path timing event: phase=Presentation render_path=ComputeRay revision=4 elapsed_ms=0.084200
Compute timing event: phase=Dispatch scene=VoxelSceneId("canonical-dense-scene") revision=4 generation=3 elapsed_ms=0.006300
Compute timing event: phase=Composite scene=VoxelSceneId("canonical-dense-scene") revision=4 generation=3 elapsed_ms=0.006100
Render Path timing event: phase=Presentation render_path=ComputeRay revision=4 elapsed_ms=0.091500
Compute timing event: phase=Dispatch scene=VoxelSceneId("canonical-dense-scene") revision=4 generation=3 elapsed_ms=0.006900
Compute timing event: phase=Composite scene=VoxelSceneId("canonical-dense-scene") revision=4 generation=3 elapsed_ms=0.007300
Render Path timing event: phase=Presentation render_path=ComputeRay revision=4 elapsed_ms=0.084700
Compute timing event: phase=Dispatch scene=VoxelSceneId("canonical-dense-scene") revision=4 generation=3 elapsed_ms=0.006000
Compute timing event: phase=Composite scene=VoxelSceneId("canonical-dense-scene") revision=4 generation=3 elapsed_ms=0.006300
Render Path timing event: phase=Presentation render_path=ComputeRay revision=4 elapsed_ms=0.082800
Compute timing event: phase=Dispatch scene=VoxelSceneId("canonical-dense-scene") revision=4 generation=3 elapsed_ms=0.005400
Compute timing event: phase=Composite scene=VoxelSceneId("canonical-dense-scene") revision=4 generation=3 elapsed_ms=0.006000
Render Path timing event: phase=Presentation render_path=ComputeRay revision=4 elapsed_ms=0.077900
Compute timing event: phase=Dispatch scene=VoxelSceneId("canonical-dense-scene") revision=4 generation=3 elapsed_ms=0.005600
Compute timing event: phase=Composite scene=VoxelSceneId("canonical-dense-scene") revision=4 generation=3 elapsed_ms=0.005800
Render Path timing event: phase=Presentation render_path=ComputeRay revision=4 elapsed_ms=0.078300
Compute timing event: phase=Dispatch scene=VoxelSceneId("canonical-dense-scene") revision=4 generation=3 elapsed_ms=0.005500
Compute timing event: phase=Composite scene=VoxelSceneId("canonical-dense-scene") revision=4 generation=3 elapsed_ms=0.005900
Render Path timing event: phase=Presentation render_path=ComputeRay revision=4 elapsed_ms=0.103200
Compute timing event: phase=Dispatch scene=VoxelSceneId("canonical-dense-scene") revision=4 generation=3 elapsed_ms=0.008400
Compute timing event: phase=Composite scene=VoxelSceneId("canonical-dense-scene") revision=4 generation=3 elapsed_ms=0.008100
Render Path timing event: phase=Presentation render_path=ComputeRay revision=4 elapsed_ms=0.128200
Compute timing event: phase=Dispatch scene=VoxelSceneId("canonical-dense-scene") revision=4 generation=3 elapsed_ms=0.006200
Compute timing event: phase=Composite scene=VoxelSceneId("canonical-dense-scene") revision=4 generation=3 elapsed_ms=0.017000
Render Path timing event: phase=Presentation render_path=ComputeRay revision=4 elapsed_ms=0.104300
Compute timing event: phase=Dispatch scene=VoxelSceneId("canonical-dense-scene") revision=4 generation=3 elapsed_ms=0.006700
Compute timing event: phase=Composite scene=VoxelSceneId("canonical-dense-scene") revision=4 generation=3 elapsed_ms=0.006800
Render Path timing event: phase=Presentation render_path=ComputeRay revision=4 elapsed_ms=0.082000
Compute timing event: phase=Dispatch scene=VoxelSceneId("canonical-dense-scene") revision=4 generation=3 elapsed_ms=0.006100
Compute timing event: phase=Composite scene=VoxelSceneId("canonical-dense-scene") revision=4 generation=3 elapsed_ms=0.005900
Render Path timing event: phase=Presentation render_path=ComputeRay revision=4 elapsed_ms=0.078900
Compute timing event: phase=Dispatch scene=VoxelSceneId("canonical-dense-scene") revision=4 generation=3 elapsed_ms=0.005700
Compute timing event: phase=Composite scene=VoxelSceneId("canonical-dense-scene") revision=4 generation=3 elapsed_ms=0.005800
Render Path timing event: phase=Presentation render_path=ComputeRay revision=4 elapsed_ms=0.104900
Compute timing event: phase=Dispatch scene=VoxelSceneId("canonical-dense-scene") revision=4 generation=3 elapsed_ms=0.006600
Compute timing event: phase=Composite scene=VoxelSceneId("canonical-dense-scene") revision=4 generation=3 elapsed_ms=0.006800
Render Path timing event: phase=Presentation render_path=ComputeRay revision=4 elapsed_ms=0.106100
Compute timing event: phase=Dispatch scene=VoxelSceneId("canonical-dense-scene") revision=4 generation=3 elapsed_ms=0.008200
Compute timing event: phase=Composite scene=VoxelSceneId("canonical-dense-scene") revision=4 generation=3 elapsed_ms=0.008500
Render Path timing event: phase=Presentation render_path=ComputeRay revision=4 elapsed_ms=0.082600
Compute timing event: phase=Dispatch scene=VoxelSceneId("canonical-dense-scene") revision=4 generation=3 elapsed_ms=0.006100
Compute timing event: phase=Composite scene=VoxelSceneId("canonical-dense-scene") revision=4 generation=3 elapsed_ms=0.006000
Render Path timing event: phase=Presentation render_path=ComputeRay revision=4 elapsed_ms=0.099900
Compute timing event: phase=Dispatch scene=VoxelSceneId("canonical-dense-scene") revision=4 generation=3 elapsed_ms=0.005900
Compute timing event: phase=Composite scene=VoxelSceneId("canonical-dense-scene") revision=4 generation=3 elapsed_ms=0.006500
Render Path timing event: phase=Presentation render_path=ComputeRay revision=4 elapsed_ms=0.081300
Compute timing event: phase=Dispatch scene=VoxelSceneId("canonical-dense-scene") revision=4 generation=3 elapsed_ms=0.005900
Compute timing event: phase=Composite scene=VoxelSceneId("canonical-dense-scene") revision=4 generation=3 elapsed_ms=0.006000
Render Path timing event: phase=Presentation render_path=ComputeRay revision=4 elapsed_ms=0.079100
Compute timing event: phase=Dispatch scene=VoxelSceneId("canonical-dense-scene") revision=4 generation=3 elapsed_ms=0.005700
Compute timing event: phase=Composite scene=VoxelSceneId("canonical-dense-scene") revision=4 generation=3 elapsed_ms=0.006000
Render Path timing event: phase=Presentation render_path=ComputeRay revision=4 elapsed_ms=0.084500
Compute timing event: phase=Dispatch scene=VoxelSceneId("canonical-dense-scene") revision=4 generation=3 elapsed_ms=0.005500
Compute timing event: phase=Composite scene=VoxelSceneId("canonical-dense-scene") revision=4 generation=3 elapsed_ms=0.005800
Render Path timing event: phase=Presentation render_path=ComputeRay revision=4 elapsed_ms=0.099200
Compute timing event: phase=Dispatch scene=VoxelSceneId("canonical-dense-scene") revision=4 generation=3 elapsed_ms=0.007300
Compute timing event: phase=Composite scene=VoxelSceneId("canonical-dense-scene") revision=4 generation=3 elapsed_ms=0.007800
Render Path timing event: phase=Presentation render_path=ComputeRay revision=4 elapsed_ms=0.151800
Compute timing event: phase=Dispatch scene=VoxelSceneId("canonical-dense-scene") revision=4 generation=3 elapsed_ms=0.007300
Compute timing event: phase=Composite scene=VoxelSceneId("canonical-dense-scene") revision=4 generation=3 elapsed_ms=0.007400
Render Path timing event: phase=Presentation render_path=ComputeRay revision=4 elapsed_ms=0.112100
Compute timing event: phase=Dispatch scene=VoxelSceneId("canonical-dense-scene") revision=4 generation=3 elapsed_ms=0.006900
Compute timing event: phase=Composite scene=VoxelSceneId("canonical-dense-scene") revision=4 generation=3 elapsed_ms=0.006700
Render Path timing event: phase=Presentation render_path=ComputeRay revision=4 elapsed_ms=0.077700
Compute timing event: phase=Dispatch scene=VoxelSceneId("canonical-dense-scene") revision=4 generation=3 elapsed_ms=0.005600
Compute timing event: phase=Composite scene=VoxelSceneId("canonical-dense-scene") revision=4 generation=3 elapsed_ms=0.006000
Render Path timing event: phase=Presentation render_path=ComputeRay revision=4 elapsed_ms=0.079400
Compute timing event: phase=Dispatch scene=VoxelSceneId("canonical-dense-scene") revision=4 generation=3 elapsed_ms=0.005700
Compute timing event: phase=Composite scene=VoxelSceneId("canonical-dense-scene") revision=4 generation=3 elapsed_ms=0.005900
Render Path timing event: phase=Presentation render_path=ComputeRay revision=4 elapsed_ms=0.092700
Compute timing event: phase=Dispatch scene=VoxelSceneId("canonical-dense-scene") revision=4 generation=3 elapsed_ms=0.006800
Compute timing event: phase=Composite scene=VoxelSceneId("canonical-dense-scene") revision=4 generation=3 elapsed_ms=0.007100
Render Path timing event: phase=Presentation render_path=ComputeRay revision=4 elapsed_ms=0.082500
Compute timing event: phase=Dispatch scene=VoxelSceneId("canonical-dense-scene") revision=4 generation=3 elapsed_ms=0.006400
Compute timing event: phase=Composite scene=VoxelSceneId("canonical-dense-scene") revision=4 generation=3 elapsed_ms=0.006400
Render Path timing event: phase=Presentation render_path=ComputeRay revision=4 elapsed_ms=0.079700
Compute timing event: phase=Dispatch scene=VoxelSceneId("canonical-dense-scene") revision=4 generation=3 elapsed_ms=0.005700
Compute timing event: phase=Composite scene=VoxelSceneId("canonical-dense-scene") revision=4 generation=3 elapsed_ms=0.006000
Render Path timing event: phase=Presentation render_path=ComputeRay revision=4 elapsed_ms=0.083900
Compute timing event: phase=Dispatch scene=VoxelSceneId("canonical-dense-scene") revision=4 generation=3 elapsed_ms=0.005500
Compute timing event: phase=Composite scene=VoxelSceneId("canonical-dense-scene") revision=4 generation=3 elapsed_ms=0.005800
Render Path timing event: phase=Presentation render_path=ComputeRay revision=4 elapsed_ms=0.078800
Compute timing event: phase=Dispatch scene=VoxelSceneId("canonical-dense-scene") revision=4 generation=3 elapsed_ms=0.005500
Compute timing event: phase=Composite scene=VoxelSceneId("canonical-dense-scene") revision=4 generation=3 elapsed_ms=0.005800
Render Path timing event: phase=Presentation render_path=ComputeRay revision=4 elapsed_ms=0.077300
Compute timing event: phase=Dispatch scene=VoxelSceneId("canonical-dense-scene") revision=4 generation=3 elapsed_ms=0.005400
Compute timing event: phase=Composite scene=VoxelSceneId("canonical-dense-scene") revision=4 generation=3 elapsed_ms=0.005800
Render Path timing event: phase=Presentation render_path=ComputeRay revision=4 elapsed_ms=0.100500
Compute timing event: phase=Dispatch scene=VoxelSceneId("canonical-dense-scene") revision=4 generation=3 elapsed_ms=0.007100
Compute timing event: phase=Composite scene=VoxelSceneId("canonical-dense-scene") revision=4 generation=3 elapsed_ms=0.007400
Render Path timing event: phase=Presentation render_path=ComputeRay revision=4 elapsed_ms=0.090000
Compute timing event: phase=Dispatch scene=VoxelSceneId("canonical-dense-scene") revision=4 generation=3 elapsed_ms=0.007300
Compute timing event: phase=Composite scene=VoxelSceneId("canonical-dense-scene") revision=4 generation=3 elapsed_ms=0.006900
Render Path timing event: phase=Presentation render_path=ComputeRay revision=4 elapsed_ms=0.084500
Compute timing event: phase=Dispatch scene=VoxelSceneId("canonical-dense-scene") revision=4 generation=3 elapsed_ms=0.006200
Compute timing event: phase=Composite scene=VoxelSceneId("canonical-dense-scene") revision=4 generation=3 elapsed_ms=0.006100
Render Path timing event: phase=Presentation render_path=ComputeRay revision=4 elapsed_ms=0.081900
Compute timing event: phase=Dispatch scene=VoxelSceneId("canonical-dense-scene") revision=4 generation=3 elapsed_ms=0.006000
Compute timing event: phase=Composite scene=VoxelSceneId("canonical-dense-scene") revision=4 generation=3 elapsed_ms=0.006000
Render Path timing event: phase=Presentation render_path=ComputeRay revision=4 elapsed_ms=0.078500
Compute timing event: phase=Dispatch scene=VoxelSceneId("canonical-dense-scene") revision=4 generation=3 elapsed_ms=0.005500
Compute timing event: phase=Composite scene=VoxelSceneId("canonical-dense-scene") revision=4 generation=3 elapsed_ms=0.005800
Render Path timing event: phase=Presentation render_path=ComputeRay revision=4 elapsed_ms=0.090800
Compute timing event: phase=Dispatch scene=VoxelSceneId("canonical-dense-scene") revision=4 generation=3 elapsed_ms=0.006600
Compute timing event: phase=Composite scene=VoxelSceneId("canonical-dense-scene") revision=4 generation=3 elapsed_ms=0.006900
Render Path timing event: phase=Presentation render_path=ComputeRay revision=4 elapsed_ms=0.086600
Compute timing event: phase=Dispatch scene=VoxelSceneId("canonical-dense-scene") revision=4 generation=3 elapsed_ms=0.006700
Compute timing event: phase=Composite scene=VoxelSceneId("canonical-dense-scene") revision=4 generation=3 elapsed_ms=0.006900
Render Path timing event: phase=Presentation render_path=ComputeRay revision=4 elapsed_ms=0.087000
Compute timing event: phase=Dispatch scene=VoxelSceneId("canonical-dense-scene") revision=4 generation=3 elapsed_ms=0.006400
Compute timing event: phase=Composite scene=VoxelSceneId("canonical-dense-scene") revision=4 generation=3 elapsed_ms=0.006300
Render Path timing event: phase=Presentation render_path=ComputeRay revision=4 elapsed_ms=0.079700
Compute timing event: phase=Dispatch scene=VoxelSceneId("canonical-dense-scene") revision=4 generation=3 elapsed_ms=0.005800
Compute timing event: phase=Composite scene=VoxelSceneId("canonical-dense-scene") revision=4 generation=3 elapsed_ms=0.005900
Render Path timing event: phase=Presentation render_path=ComputeRay revision=4 elapsed_ms=0.078100
Compute timing event: phase=Dispatch scene=VoxelSceneId("canonical-dense-scene") revision=4 generation=3 elapsed_ms=0.005400
Compute timing event: phase=Composite scene=VoxelSceneId("canonical-dense-scene") revision=4 generation=3 elapsed_ms=0.005900
Render Path timing event: phase=Presentation render_path=ComputeRay revision=4 elapsed_ms=0.079300
Compute timing event: phase=Dispatch scene=VoxelSceneId("canonical-dense-scene") revision=4 generation=3 elapsed_ms=0.005400
Compute timing event: phase=Composite scene=VoxelSceneId("canonical-dense-scene") revision=4 generation=3 elapsed_ms=0.005800
Render Path timing event: phase=Presentation render_path=ComputeRay revision=4 elapsed_ms=0.079600
Compute timing event: phase=Dispatch scene=VoxelSceneId("canonical-dense-scene") revision=4 generation=3 elapsed_ms=0.006000
Compute timing event: phase=Composite scene=VoxelSceneId("canonical-dense-scene") revision=4 generation=3 elapsed_ms=0.005800
Render Path timing event: phase=Presentation render_path=ComputeRay revision=4 elapsed_ms=0.163200
Compute timing event: phase=Dispatch scene=VoxelSceneId("canonical-dense-scene") revision=4 generation=3 elapsed_ms=0.007100
Compute timing event: phase=Composite scene=VoxelSceneId("canonical-dense-scene") revision=4 generation=3 elapsed_ms=0.007400
Render Path timing event: phase=Presentation render_path=ComputeRay revision=4 elapsed_ms=0.098700
Compute timing event: phase=Dispatch scene=VoxelSceneId("canonical-dense-scene") revision=4 generation=3 elapsed_ms=0.006400
Compute timing event: phase=Composite scene=VoxelSceneId("canonical-dense-scene") revision=4 generation=3 elapsed_ms=0.006700
Render Path timing event: phase=Presentation render_path=ComputeRay revision=4 elapsed_ms=0.078200
Compute timing event: phase=Dispatch scene=VoxelSceneId("canonical-dense-scene") revision=4 generation=3 elapsed_ms=0.005500
Compute timing event: phase=Composite scene=VoxelSceneId("canonical-dense-scene") revision=4 generation=3 elapsed_ms=0.005800
Render Path timing event: phase=Presentation render_path=ComputeRay revision=4 elapsed_ms=0.080900
Compute timing event: phase=Dispatch scene=VoxelSceneId("canonical-dense-scene") revision=4 generation=3 elapsed_ms=0.006600
Compute timing event: phase=Composite scene=VoxelSceneId("canonical-dense-scene") revision=4 generation=3 elapsed_ms=0.005800
Render Path timing event: phase=Presentation render_path=ComputeRay revision=4 elapsed_ms=0.080900
Compute timing event: phase=Dispatch scene=VoxelSceneId("canonical-dense-scene") revision=4 generation=3 elapsed_ms=0.005600
Compute timing event: phase=Composite scene=VoxelSceneId("canonical-dense-scene") revision=4 generation=3 elapsed_ms=0.005800
Render Path timing event: phase=Presentation render_path=ComputeRay revision=4 elapsed_ms=0.090800
Compute timing event: phase=Dispatch scene=VoxelSceneId("canonical-dense-scene") revision=4 generation=3 elapsed_ms=0.006100
Compute timing event: phase=Composite scene=VoxelSceneId("canonical-dense-scene") revision=4 generation=3 elapsed_ms=0.006900
Render Path timing event: phase=Presentation render_path=ComputeRay revision=4 elapsed_ms=0.089000
Compute timing event: phase=Dispatch scene=VoxelSceneId("canonical-dense-scene") revision=4 generation=3 elapsed_ms=0.006400
Compute timing event: phase=Composite scene=VoxelSceneId("canonical-dense-scene") revision=4 generation=3 elapsed_ms=0.006400
Render Path timing event: phase=Presentation render_path=ComputeRay revision=4 elapsed_ms=0.078900
Compute timing event: phase=Dispatch scene=VoxelSceneId("canonical-dense-scene") revision=4 generation=3 elapsed_ms=0.005800
Compute timing event: phase=Composite scene=VoxelSceneId("canonical-dense-scene") revision=4 generation=3 elapsed_ms=0.005900
Render Path timing event: phase=Presentation render_path=ComputeRay revision=4 elapsed_ms=0.077700
Compute timing event: phase=Dispatch scene=VoxelSceneId("canonical-dense-scene") revision=4 generation=3 elapsed_ms=0.005500
Compute timing event: phase=Composite scene=VoxelSceneId("canonical-dense-scene") revision=4 generation=3 elapsed_ms=0.005600
Render Path timing event: phase=Presentation render_path=ComputeRay revision=4 elapsed_ms=0.078300
Compute timing event: phase=Dispatch scene=VoxelSceneId("canonical-dense-scene") revision=4 generation=3 elapsed_ms=0.005500
Compute timing event: phase=Composite scene=VoxelSceneId("canonical-dense-scene") revision=4 generation=3 elapsed_ms=0.005800
Render Path timing event: phase=Presentation render_path=ComputeRay revision=4 elapsed_ms=0.093200
Compute timing event: phase=Dispatch scene=VoxelSceneId("canonical-dense-scene") revision=4 generation=3 elapsed_ms=0.006800
Compute timing event: phase=Composite scene=VoxelSceneId("canonical-dense-scene") revision=4 generation=3 elapsed_ms=0.007100
Render Path timing event: phase=Presentation render_path=ComputeRay revision=4 elapsed_ms=0.116900
Compute timing event: phase=Dispatch scene=VoxelSceneId("canonical-dense-scene") revision=4 generation=3 elapsed_ms=0.008800
Compute timing event: phase=Composite scene=VoxelSceneId("canonical-dense-scene") revision=4 generation=3 elapsed_ms=0.009900
Render Path timing event: phase=Presentation render_path=ComputeRay revision=4 elapsed_ms=0.088100
Compute timing event: phase=Dispatch scene=VoxelSceneId("canonical-dense-scene") revision=4 generation=3 elapsed_ms=0.006300
Compute timing event: phase=Composite scene=VoxelSceneId("canonical-dense-scene") revision=4 generation=3 elapsed_ms=0.006600
Render Path timing event: phase=Presentation render_path=ComputeRay revision=4 elapsed_ms=0.080400
Compute timing event: phase=Dispatch scene=VoxelSceneId("canonical-dense-scene") revision=4 generation=3 elapsed_ms=0.005800
Compute timing event: phase=Composite scene=VoxelSceneId("canonical-dense-scene") revision=4 generation=3 elapsed_ms=0.005900
Render Path timing event: phase=Presentation render_path=ComputeRay revision=4 elapsed_ms=0.080400
Compute timing event: phase=Dispatch scene=VoxelSceneId("canonical-dense-scene") revision=4 generation=3 elapsed_ms=0.005700
Compute timing event: phase=Composite scene=VoxelSceneId("canonical-dense-scene") revision=4 generation=3 elapsed_ms=0.005800
Render Path timing event: phase=Presentation render_path=ComputeRay revision=4 elapsed_ms=0.143000
Compute timing event: phase=Dispatch scene=VoxelSceneId("canonical-dense-scene") revision=4 generation=3 elapsed_ms=0.007700
Compute timing event: phase=Composite scene=VoxelSceneId("canonical-dense-scene") revision=4 generation=3 elapsed_ms=0.007400
Render Path timing event: phase=Presentation render_path=ComputeRay revision=4 elapsed_ms=0.097500
Compute timing event: phase=Dispatch scene=VoxelSceneId("canonical-dense-scene") revision=4 generation=3 elapsed_ms=0.008400
Compute timing event: phase=Composite scene=VoxelSceneId("canonical-dense-scene") revision=4 generation=3 elapsed_ms=0.007500
Render Path timing event: phase=Presentation render_path=ComputeRay revision=4 elapsed_ms=0.095300
Compute timing event: phase=Dispatch scene=VoxelSceneId("canonical-dense-scene") revision=4 generation=3 elapsed_ms=0.006800
Compute timing event: phase=Composite scene=VoxelSceneId("canonical-dense-scene") revision=4 generation=3 elapsed_ms=0.006600
Render Path timing event: phase=Presentation render_path=Raster revision=4 elapsed_ms=0.192700
Compute timing event: phase=Installation scene=VoxelSceneId("canonical-dense-scene") revision=4 generation=3 elapsed_ms=0.514500
Render Path timing event: phase=Switching source=ComputeRay replacement=Raster revision=4 elapsed_ms=288.096700
Render Path timing event: phase=Presentation render_path=Raster revision=4 elapsed_ms=0.674700
Render Path timing event: phase=Presentation render_path=Raster revision=4 elapsed_ms=0.075400
Render Path timing event: phase=Presentation render_path=Raster revision=4 elapsed_ms=0.078400
Render Path timing event: phase=Presentation render_path=Raster revision=4 elapsed_ms=0.071600
Render Path timing event: phase=Presentation render_path=Raster revision=4 elapsed_ms=0.072200
Render Path timing event: phase=Presentation render_path=Raster revision=4 elapsed_ms=0.092700
Render Path timing event: phase=Presentation render_path=Raster revision=4 elapsed_ms=0.074900
Render Path timing event: phase=Presentation render_path=Raster revision=4 elapsed_ms=0.070800
Render Path timing event: phase=Presentation render_path=Raster revision=4 elapsed_ms=0.071300
Render Path timing event: phase=Presentation render_path=Raster revision=4 elapsed_ms=0.077800
Render Path timing event: phase=Presentation render_path=Raster revision=4 elapsed_ms=0.071000
Render Path timing event: phase=Presentation render_path=Raster revision=4 elapsed_ms=0.075400
Render Path timing event: phase=Presentation render_path=Raster revision=4 elapsed_ms=0.069100
Render Path timing event: phase=Presentation render_path=Raster revision=4 elapsed_ms=0.067400
Render Path timing event: phase=Presentation render_path=Raster revision=4 elapsed_ms=0.066800
Render Path timing event: phase=Presentation render_path=Raster revision=4 elapsed_ms=0.070300
Render Path timing event: phase=Presentation render_path=Raster revision=4 elapsed_ms=0.068600
Render Path timing event: phase=Presentation render_path=Raster revision=4 elapsed_ms=0.086800
Render Path timing event: phase=Presentation render_path=Raster revision=4 elapsed_ms=0.071900
Render Path timing event: phase=Presentation render_path=Raster revision=4 elapsed_ms=0.077100
Render Path timing event: phase=Presentation render_path=Raster revision=4 elapsed_ms=0.067100
Render Path timing event: phase=Presentation render_path=Raster revision=4 elapsed_ms=0.068700
Render Path timing event: phase=Presentation render_path=Raster revision=4 elapsed_ms=0.159200
Render Path timing event: phase=Presentation render_path=ComputeRay revision=4 elapsed_ms=1.244900
Compute timing event: phase=Preparation scene=VoxelSceneId("canonical-dense-scene") revision=4 generation=0 elapsed_ms=42.137800
Compute timing event: phase=Upload scene=VoxelSceneId("canonical-dense-scene") revision=4 generation=0 elapsed_ms=0.192900
Compute timing event: phase=Installation scene=VoxelSceneId("canonical-dense-scene") revision=4 generation=0 elapsed_ms=0.933500
Compute timing event: phase=Dispatch scene=VoxelSceneId("canonical-dense-scene") revision=4 generation=0 elapsed_ms=0.018000
Compute timing event: phase=Composite scene=VoxelSceneId("canonical-dense-scene") revision=4 generation=0 elapsed_ms=0.013800
Render Path timing event: phase=Switching source=Raster replacement=ComputeRay revision=4 elapsed_ms=119.723300
Render Path timing event: phase=Presentation render_path=ComputeRay revision=4 elapsed_ms=1.515200
Compute timing event: phase=Dispatch scene=VoxelSceneId("canonical-dense-scene") revision=4 generation=0 elapsed_ms=0.009000
Compute timing event: phase=Composite scene=VoxelSceneId("canonical-dense-scene") revision=4 generation=0 elapsed_ms=0.008400
Render Path timing event: phase=Presentation render_path=ComputeRay revision=4 elapsed_ms=0.135600
Compute timing event: phase=Dispatch scene=VoxelSceneId("canonical-dense-scene") revision=4 generation=0 elapsed_ms=0.012200
Compute timing event: phase=Composite scene=VoxelSceneId("canonical-dense-scene") revision=4 generation=0 elapsed_ms=0.014000
Render Path timing event: phase=Presentation render_path=ComputeRay revision=4 elapsed_ms=0.089300
Compute timing event: phase=Dispatch scene=VoxelSceneId("canonical-dense-scene") revision=4 generation=0 elapsed_ms=0.007300
Compute timing event: phase=Composite scene=VoxelSceneId("canonical-dense-scene") revision=4 generation=0 elapsed_ms=0.008000
Render Path timing event: phase=Presentation render_path=ComputeRay revision=4 elapsed_ms=0.089700
Compute timing event: phase=Dispatch scene=VoxelSceneId("canonical-dense-scene") revision=4 generation=0 elapsed_ms=0.006800
Compute timing event: phase=Composite scene=VoxelSceneId("canonical-dense-scene") revision=4 generation=0 elapsed_ms=0.007400
